url,tags,type,rating,contest_id,index,statement,code_1,code_2,code_3,submission_1_result,submission_2_result,submission_3_result
https://codeforces.com/problemset/problem/4/A,"['brute force', 'math']",PROGRAMMING,800,4,A,"Description:


One hot summer day Pete and his friend Billy decided to buy a watermelon. They chose the biggest and the ripest one, in their opinion. After that the watermelon was weighed, and the scales showed w kilos. They rushed home, dying of thirst, and decided to divide the berry, however they faced a hard problem.
 Pete and Billy are great fans of even numbers, that's why they want to divide the watermelon in such a way that each of the two parts weighs even number of kilos, at the same time it is not obligatory that the parts are equal. The boys are extremely tired and want to start their meal as soon as possible, that's why you should help them and find out, if they can divide the watermelon in the way they want. For sure, each of them should get a part of positive weight.

Input
 The first (and the only) input line contains integer number w ( 1 ≤ w ≤ 100 ) — the weight of the watermelon bought by the boys.

Output
 Print YES , if the boys can divide the watermelon into two parts, each of them weighing even number of kilos; and NO in the opposite case.

Examples
Input
8
Output
YES

Note
 For example, the boys can divide the watermelon into two parts of 2 and 6 kilos respectively (another variant — two parts of 4 and 4 kilos).","```python
w = int(input())
print(""YES"" if w > 2 and w % 2 == 0 else ""NO"")
```","```python
w = int(input())
print(""YES"" if w > 2 and w % 2 == 0 else ""NO"")
```","```python
w = int(input())
print(""YES"" if w > 2 and w % 2 == 0 else ""NO"")
```","{""verdict"": ""OK"", ""passedTestCount"": 20, ""timeConsumedMillis"": 124, ""memoryConsumedBytes"": 0}",,
https://codeforces.com/problemset/problem/71/A,['strings'],PROGRAMMING,800,71,A,"Description:


Sometimes some words like "" localization "" or "" internationalization "" are so long that writing them many times in one text is quite tiresome.
 Let's consider a word too long , if its length is strictly more than 10 characters. All too long words should be replaced with a special abbreviation.
 This abbreviation is made like this: we write down the first and the last letter of a word and between them we write the number of letters between the first and the last letters. That number is in decimal system and doesn't contain any leading zeroes.
 Thus, "" localization "" will be spelt as "" l10n "", and "" internationalization » will be spelt as "" i18n "".
 You are suggested to automatize the process of changing the words with abbreviations. At that all too long words should be replaced by the abbreviation and the words that are not too long should not undergo any changes.

Input
 The first line contains an integer n ( 1 ≤ n ≤ 100 ). Each of the following n lines contains one word. All the words consist of lowercase Latin letters and possess the lengths of from 1 to 100 characters.

Output
 Print n lines. The i -th line should contain the result of replacing of the i -th word from the input data.

Examples
Input
4

word

localization

internationalization

pneumonoultramicroscopicsilicovolcanoconiosis
Output
word

l10n

i18n

p43s","```python
def abbreviate_word(word):
    if len(word) > 10:
        return f""{word[0]}{len(word)-2}{word[-1]}""
    else:
        return word

n = int(input())
for _ in range(n):
    word = input()
    print(abbreviate_word(word))
```","```python
def main():
    n = int(input())
    for _ in range(n):
        word = input()
        if len(word) > 10:
            abbreviated_word = f""{word[0]}{len(word)-2}{word[-1]}""
            print(abbreviated_word)
        else:
            print(word)

if __name__ == ""__main__"":
    main()","```python
def abbreviate_word(word):
    if len(word) > 10:
        return f""{word[0]}{len(word) - 2}{word[-1]}""
    else:
        return word

n = int(input())
for _ in range(n):
    print(abbreviate_word(input().strip()))
```","{""verdict"": ""OK"", ""passedTestCount"": 20, ""timeConsumedMillis"": 77, ""memoryConsumedBytes"": 0}","{""verdict"": ""OK"", ""passedTestCount"": 20, ""timeConsumedMillis"": 77, ""memoryConsumedBytes"": 0}","{""verdict"": ""OK"", ""passedTestCount"": 20, ""timeConsumedMillis"": 62, ""memoryConsumedBytes"": 0}"
https://codeforces.com/problemset/problem/231/A,"['brute force', 'greedy']",PROGRAMMING,800,231,A,"Description:


One day three best friends Petya, Vasya and Tonya decided to form a team and take part in programming contests. Participants are usually offered several problems during programming contests. Long before the start the friends decided that they will implement a problem if at least two of them are sure about the solution. Otherwise, the friends won't write the problem's solution.
 This contest offers n problems to the participants. For each problem we know, which friend is sure about the solution. Help the friends find the number of problems for which they will write a solution.

Input
 The first input line contains a single integer n ( 1 ≤ n ≤ 1000 ) — the number of problems in the contest. Then n lines contain three integers each, each integer is either 0 or 1 . If the first number in the line equals 1 , then Petya is sure about the problem's solution, otherwise he isn't sure. The second number shows Vasya's view on the solution, the third number shows Tonya's view. The numbers on the lines are separated by spaces.

Output
 Print a single integer — the number of problems the friends will implement on the contest.

Examples
Input
3

1 1 0

1 1 1

1 0 0
Output
2
Input
2

1 0 0

0 1 1
Output
1

Note
 In the first sample Petya and Vasya are sure that they know how to solve the first problem and all three of them know how to solve the second problem. That means that they will write solutions for these problems. Only Petya is sure about the solution for the third problem, but that isn't enough, so the friends won't take it.
 In the second sample the friends will only implement the second problem, as Vasya and Tonya are sure about the solution.","```python
n = int(input())
count = 0

for _ in range(n):
    if sum(map(int, input().split())) >= 2:
        count += 1

print(count)
```","```python
n = int(input())
count = 0
for _ in range(n):
    if sum(map(int, input().split())) >= 2:
        count += 1
print(count)
```","```python
n = int(input())
count = 0

for _ in range(n):
    if sum(map(int, input().split())) >= 2:
        count += 1

print(count)
```","{""verdict"": ""OK"", ""passedTestCount"": 21, ""timeConsumedMillis"": 156, ""memoryConsumedBytes"": 0}","{""verdict"": ""OK"", ""passedTestCount"": 21, ""timeConsumedMillis"": 184, ""memoryConsumedBytes"": 0}","{""verdict"": ""OK"", ""passedTestCount"": 21, ""timeConsumedMillis"": 156, ""memoryConsumedBytes"": 0}"
https://codeforces.com/problemset/problem/282/A,['implementation'],PROGRAMMING,800,282,A,"Description:


The classic programming language of Bitland is Bit++. This language is so peculiar and complicated.
 The language is that peculiar as it has exactly one variable, called x . Also, there are two operations:
 Operation ++ increases the value of variable x by 1. Operation -- decreases the value of variable x by 1.
 A statement in language Bit++ is a sequence, consisting of exactly one operation and one variable x . The statement is written without spaces, that is, it can only contain characters "" + "", "" - "", "" X "". Executing a statement means applying the operation it contains.
 A programme in Bit++ is a sequence of statements, each of them needs to be executed. Executing a programme means executing all the statements it contains.
 You're given a programme in language Bit++. The initial value of x is 0 . Execute the programme and find its final value (the value of the variable when this programme is executed).

Input
 The first line contains a single integer n  (1 ≤ n ≤ 150) — the number of statements in the programme.
 Next n lines contain a statement each. Each statement contains exactly one operation ( ++ or -- ) and exactly one variable x (denoted as letter « X »). Thus, there are no empty statements. The operation and the variable can be written in any order.

Output
 Print a single integer — the final value of x .

Examples
Input
1

++X
Output
1
Input
2

X++

--X
Output
0","```python
n = int(input())
x = 0
for _ in range(n):
    statement = input()
    if '++' in statement:
        x += 1
    elif '--' in statement:
        x -= 1
print(x)
```","```python
def execute_bitplusplus():
    n = int(input())
    result = 0
    for _ in range(n):
        statement = input()
        if '++' in statement:
            result += 1
        elif '--' in statement:
            result -= 1
    print(result)

execute_bitplusplus()
```","```python
def execute_bitplusplus():
    n = int(input())
    x = 0
    for _ in range(n):
        statement = input()
        if '++' in statement:
            x += 1
        elif '--' in statement:
            x -= 1
    print(x)

execute_bitplusplus()
```","{""verdict"": ""OK"", ""passedTestCount"": 36, ""timeConsumedMillis"": 62, ""memoryConsumedBytes"": 0}","{""verdict"": ""OK"", ""passedTestCount"": 36, ""timeConsumedMillis"": 62, ""memoryConsumedBytes"": 0}","{""verdict"": ""OK"", ""passedTestCount"": 36, ""timeConsumedMillis"": 62, ""memoryConsumedBytes"": 0}"
https://codeforces.com/problemset/problem/158/A,"['*special', 'implementation']",PROGRAMMING,800,158,A,"Description:


""Contestant who earns a score equal to or greater than the k -th place finisher's score will advance to the next round, as long as the contestant earns a positive score..."" — an excerpt from contest rules.
 A total of n participants took part in the contest ( n ≥ k ), and you already know their scores. Calculate how many participants will advance to the next round.

Input
 The first line of the input contains two integers n and k ( 1 ≤ k ≤ n ≤ 50 ) separated by a single space.
 The second line contains n space-separated integers a 1 , a 2 , ..., a n ( 0 ≤ a i ≤ 100 ), where a i is the score earned by the participant who got the i -th place. The given sequence is non-increasing (that is, for all i from 1 to n - 1 the following condition is fulfilled: a i ≥ a i + 1 ).

Output
 Output the number of participants who advance to the next round.

Examples
Input
8 5

10 9 8 7 7 7 5 5
Output
6
Input
4 2

0 0 0 0
Output
0

Note
 In the first example the participant on the 5th place earned 7 points. As the participant on the 6th place also earned 7 points, there are 6 advancers.
 In the second example nobody got a positive score.","```python
n, k = map(int, input().split())
scores = list(map(int, input().split()))
advancers = sum(1 for score in scores if score >= scores[k-1] and score > 0)
print(advancers)
```","```python
n, k = map(int, input().split())
scores = list(map(int, input().split()))
advancers_count = sum(1 for x in scores if x >= scores[k-1] and x > 0)
print(advancers_count)
```","```python
def main():
    n, k = map(int, input().split())
    scores = list(map(int, input().split()))
    
    threshold = scores[k-1]
    advancers = sum(score > 0 and score >= threshold for score in scores)
    
    print(advancers)

if __name__ == ""__main__"":
    main()
```","{""verdict"": ""OK"", ""passedTestCount"": 50, ""timeConsumedMillis"": 154, ""memoryConsumedBytes"": 0}","{""verdict"": ""OK"", ""passedTestCount"": 50, ""timeConsumedMillis"": 154, ""memoryConsumedBytes"": 0}","{""verdict"": ""OK"", ""passedTestCount"": 50, ""timeConsumedMillis"": 124, ""memoryConsumedBytes"": 0}"
https://codeforces.com/problemset/problem/50/A,"['greedy', 'math']",PROGRAMMING,800,50,A,"Description:


You are given a rectangular board of M × N squares. Also you are given an unlimited number of standard domino pieces of 2 × 1 squares. You are allowed to rotate the pieces. You are asked to place as many dominoes as possible on the board so as to meet the following conditions:
 1. Each domino completely covers two squares.
 2. No two dominoes overlap.
 3. Each domino lies entirely inside the board. It is allowed to touch the edges of the board.
 Find the maximum number of dominoes, which can be placed under these restrictions.

Input
 In a single line you are given two integers M and N — board sizes in squares ( 1 ≤ M ≤ N ≤ 16 ).

Output
 Output one number — the maximal number of dominoes, which can be placed.

Examples
Input
2 4
Output
4
Input
3 3
Output
4","```python
M, N = map(int, input().split())
print((M * N) // 2)
```","```python
def main():
    m, n = map(int, input().split())
    print((m * n) // 2)

if __name__ == ""__main__"":
    main()
```","```python
import sys

def max_dominoes(M, N):
    return (M * N) // 2

if __name__ == ""__main__"":
    M, N = map(int, input().split())
    print(max_dominoes(M, N))
```","{""verdict"": ""OK"", ""passedTestCount"": 35, ""timeConsumedMillis"": 124, ""memoryConsumedBytes"": 0}","{""verdict"": ""OK"", ""passedTestCount"": 35, ""timeConsumedMillis"": 124, ""memoryConsumedBytes"": 0}","{""verdict"": ""OK"", ""passedTestCount"": 35, ""timeConsumedMillis"": 184, ""memoryConsumedBytes"": 0}"
https://codeforces.com/problemset/problem/263/A,['implementation'],PROGRAMMING,800,263,A,"Description:


You've got a 5 × 5 matrix, consisting of 24 zeroes and a single number one. Let's index the matrix rows by numbers from 1 to 5 from top to bottom, let's index the matrix columns by numbers from 1 to 5 from left to right. In one move, you are allowed to apply one of the two following transformations to the matrix:
 Swap two neighboring matrix rows, that is, rows with indexes i and i + 1 for some integer i  (1 ≤ i < 5) . Swap two neighboring matrix columns, that is, columns with indexes j and j + 1 for some integer j  (1 ≤ j < 5) .
 You think that a matrix looks beautiful , if the single number one of the matrix is located in its middle (in the cell that is on the intersection of the third row and the third column). Count the minimum number of moves needed to make the matrix beautiful.

Input
 The input consists of five lines, each line contains five integers: the j -th integer in the i -th line of the input represents the element of the matrix that is located on the intersection of the i -th row and the j -th column. It is guaranteed that the matrix consists of 24 zeroes and a single number one.

Output
 Print a single integer — the minimum number of moves needed to make the matrix beautiful.

Examples
Input
0 0 0 0 0

0 0 0 0 1

0 0 0 0 0

0 0 0 0 0

0 0 0 0 0
Output
3
Input
0 0 0 0 0

0 0 0 0 0

0 1 0 0 0

0 0 0 0 0

0 0 0 0 0
Output
1","```python
# Reading the matrix from input
matrix = [list(map(int, input().split())) for _ in range(5)]

# Finding the position of '1' in the matrix
for i in range(5):
    if 1 in matrix[i]:
        j = matrix[i].index(1)
        break

# Calculating the minimum number of moves to bring '1' to the center (2, 2) index (0-based indexing)
moves = abs(i - 2) + abs(j - 2)

# Printing the result
print(moves)
```","```python
for i in range(5):
    row = list(map(int, input().split()))
    if 1 in row:
        j = row.index(1)
        print(abs(i - 2) + abs(j - 2))
        break
```","```python
def min_moves_to_center():
    matrix = [input().split() for _ in range(5)]
    one_position = [(i, j) for i in range(5) for j in range(5) if matrix[i][j] == '1'][0]
    return abs(one_position[0] - 2) + abs(one_position[1] - 2)

print(min_moves_to_center())
```","{""verdict"": ""OK"", ""passedTestCount"": 25, ""timeConsumedMillis"": 156, ""memoryConsumedBytes"": 0}","{""verdict"": ""OK"", ""passedTestCount"": 25, ""timeConsumedMillis"": 124, ""memoryConsumedBytes"": 0}","{""verdict"": ""OK"", ""passedTestCount"": 25, ""timeConsumedMillis"": 124, ""memoryConsumedBytes"": 0}"
https://codeforces.com/problemset/problem/112/A,"['implementation', 'strings']",PROGRAMMING,800,112,A,"Description:


Little Petya loves presents. His mum bought him two strings of the same size for his birthday. The strings consist of uppercase and lowercase Latin letters. Now Petya wants to compare those two strings lexicographically . The letters' case does not matter, that is an uppercase letter is considered equivalent to the corresponding lowercase letter. Help Petya perform the comparison.

Input
 Each of the first two lines contains a bought string. The strings' lengths range from 1 to 100 inclusive. It is guaranteed that the strings are of the same length and also consist of uppercase and lowercase Latin letters.

Output
 If the first string is less than the second one, print ""-1"". If the second string is less than the first one, print ""1"". If the strings are equal, print ""0"". Note that the letters' case is not taken into consideration when the strings are compared.

Examples
Input
aaaa

aaaA
Output
0
Input
abs

Abz
Output
-1
Input
abcdefg

AbCdEfF
Output
1

Note
 If you want more formal information about the lexicographical order (also known as the "" dictionary order "" or "" alphabetical order ""), you can visit the following site:
 http://en.wikipedia.org/wiki/Lexicographical_order","```python
def main():
    str1 = input().strip().lower()
    str2 = input().strip().lower()
    
    if str1 < str2:
        print(-1)
    elif str1 > str2:
        print(1)
    else:
        print(0)

if __name__ == ""__main__"":
    main()
```","```python
def compare_strings():
    str1 = input().lower()
    str2 = input().lower()
    
    if str1 < str2:
        print(-1)
    elif str1 > str2:
        print(1)
    else:
        print(0)

compare_strings()
```","```python
def compare_strings():
    s1 = input().strip()
    s2 = input().strip()
    
    # Convert both strings to lowercase for case-insensitive comparison
    s1_lower = s1.lower()
    s2_lower = s2.lower()

    # Compare lexicographically
    if s1_lower < s2_lower:
        print(-1)
    elif s1_lower > s2_lower:
        print(1)
    else:
        print(0)

compare_strings()
```","{""verdict"": ""OK"", ""passedTestCount"": 53, ""timeConsumedMillis"": 186, ""memoryConsumedBytes"": 0}","{""verdict"": ""OK"", ""passedTestCount"": 53, ""timeConsumedMillis"": 154, ""memoryConsumedBytes"": 0}","{""verdict"": ""OK"", ""passedTestCount"": 53, ""timeConsumedMillis"": 156, ""memoryConsumedBytes"": 0}"
https://codeforces.com/problemset/problem/339/A,"['greedy', 'implementation', 'sortings', 'strings']",PROGRAMMING,800,339,A,"Description:


Xenia the beginner mathematician is a third year student at elementary school. She is now learning the addition operation.
 The teacher has written down the sum of multiple numbers. Pupils should calculate the sum. To make the calculation easier, the sum only contains numbers 1, 2 and 3. Still, that isn't enough for Xenia. She is only beginning to count, so she can calculate a sum only if the summands follow in non-decreasing order. For example, she can't calculate sum 1+3+2+1 but she can calculate sums 1+1+2 and 3+3.
 You've got the sum that was written on the board. Rearrange the summans and print the sum in such a way that Xenia can calculate the sum.

Input
 The first line contains a non-empty string s — the sum Xenia needs to count. String s contains no spaces. It only contains digits and characters "" + "". Besides, string s is a correct sum of numbers 1, 2 and 3. String s is at most 100 characters long.

Output
 Print the new sum that Xenia can count.

Examples
Input
3+2+1
Output
1+2+3
Input
1+1+3+1+3
Output
1+1+1+3+3
Input
2
Output
2","```python
import sys

def rearrange_sum():
    s = input().strip()
    numbers = sorted(s.split('+'))
    result = '+'.join(numbers)
    print(result)

rearrange_sum()
```","```python
def main():
    s = input().strip()
    numbers = sorted(s.split('+'))
    print('+'.join(numbers))

if __name__ == ""__main__"":
    main()
```","```python
import sys

def rearrange_sum(s):
    numbers = sorted(s.split('+'))
    return '+'.join(numbers)

if __name__ == ""__main__"":
    input_str = sys.stdin.read().strip()
    result = rearrange_sum(input_str)
    print(result)
```","{""verdict"": ""OK"", ""passedTestCount"": 21, ""timeConsumedMillis"": 124, ""memoryConsumedBytes"": 0}","{""verdict"": ""OK"", ""passedTestCount"": 21, ""timeConsumedMillis"": 154, ""memoryConsumedBytes"": 0}","{""verdict"": ""OK"", ""passedTestCount"": 21, ""timeConsumedMillis"": 156, ""memoryConsumedBytes"": 0}"
https://codeforces.com/problemset/problem/281/A,"['implementation', 'strings']",PROGRAMMING,800,281,A,"Description:


Capitalization is writing a word with its first letter as a capital letter. Your task is to capitalize the given word.
 Note, that during capitalization all the letters except the first one remains unchanged.

Input
 A single line contains a non-empty word. This word consists of lowercase and uppercase English letters. The length of the word will not exceed 10 3 .

Output
 Output the given word after capitalization.

Examples
Input
ApPLe
Output
ApPLe
Input
konjac
Output
Konjac","```python
print(input().capitalize())
```","```python
import sys

def capitalize_word(word):
    return word[0].upper() + word[1:]

if __name__ == ""__main__"":
    input_word = sys.stdin.read().strip()
    result = capitalize_word(input_word)
    print(result)
```","```python
print(input().capitalize())
```","{""verdict"": ""OK"", ""passedTestCount"": 25, ""timeConsumedMillis"": 124, ""memoryConsumedBytes"": 0}","{""verdict"": ""WRONG_ANSWER"", ""passedTestCount"": 0, ""timeConsumedMillis"": 122, ""memoryConsumedBytes"": 0}","{""verdict"": ""OK"", ""passedTestCount"": 25, ""timeConsumedMillis"": 124, ""memoryConsumedBytes"": 0}"
https://codeforces.com/problemset/problem/236/A,"['brute force', 'implementation', 'strings']",PROGRAMMING,800,236,A,"Description:


Those days, many boys use beautiful girls' photos as avatars in forums. So it is pretty hard to tell the gender of a user at the first glance. Last year, our hero went to a forum and had a nice chat with a beauty (he thought so). After that they talked very often and eventually they became a couple in the network.
 But yesterday, he came to see ""her"" in the real world and found out ""she"" is actually a very strong man! Our hero is very sad and he is too tired to love again now. So he came up with a way to recognize users' genders by their user names.
 This is his method: if the number of distinct characters in one's user name is odd, then he is a male, otherwise she is a female. You are given the string that denotes the user name, please help our hero to determine the gender of this user by his method.

Input
 The first line contains a non-empty string, that contains only lowercase English letters — the user name. This string contains at most 100 letters.

Output
 If it is a female by our hero's method, print "" CHAT WITH HER! "" (without the quotes), otherwise, print "" IGNORE HIM! "" (without the quotes).

Examples
Input
wjmzbmr
Output
CHAT WITH HER!
Input
xiaodao
Output
IGNORE HIM!
Input
sevenkplus
Output
CHAT WITH HER!

Note
 For the first example. There are 6 distinct characters in "" wjmzbmr "". These characters are: "" w "", "" j "", "" m "", "" z "", "" b "", "" r "". So wjmzbmr is a female and you should print "" CHAT WITH HER! "".","```python
user_name = input()
if len(set(user_name)) % 2 == 0:
    print(""CHAT WITH HER!"")
else:
    print(""IGNORE HIM!"")","```python
def main():
    user_name = input().strip()
    distinct_characters_count = len(set(user_name))
    
    if distinct_characters_count % 2 == 0:
        print(""CHAT WITH HER!"")
    else:
        print(""IGNORE HIM!"")

if __name__ == ""__main__"":
    main()
```","```python
import sys

def determine_gender(username):
    distinct_characters = len(set(username))
    if distinct_characters % 2 == 0:
        print(""CHAT WITH HER!"")
    else:
        print(""IGNORE HIM!"")

if __name__ == ""__main__"":
    username = input().strip()
    determine_gender(username)
```","{""verdict"": ""OK"", ""passedTestCount"": 85, ""timeConsumedMillis"": 154, ""memoryConsumedBytes"": 0}","{""verdict"": ""OK"", ""passedTestCount"": 85, ""timeConsumedMillis"": 186, ""memoryConsumedBytes"": 0}","{""verdict"": ""OK"", ""passedTestCount"": 85, ""timeConsumedMillis"": 154, ""memoryConsumedBytes"": 0}"
https://codeforces.com/problemset/problem/791/A,['implementation'],PROGRAMMING,800,791,A,"Description:


Bear Limak wants to become the largest of bears, or at least to become larger than his brother Bob.
 Right now, Limak and Bob weigh a and b respectively. It's guaranteed that Limak's weight is smaller than or equal to his brother's weight.
 Limak eats a lot and his weight is tripled after every year, while Bob's weight is doubled after every year.
 After how many full years will Limak become strictly larger (strictly heavier) than Bob?

Input
 The only line of the input contains two integers a and b ( 1 ≤ a ≤ b ≤ 10 ) — the weight of Limak and the weight of Bob respectively.

Output
 Print one integer, denoting the integer number of years after which Limak will become strictly larger than Bob.

Examples
Input
4 7
Output
2
Input
4 9
Output
3
Input
1 1
Output
1

Note
 In the first sample, Limak weighs 4 and Bob weighs 7 initially. After one year their weights are 4·3 = 12 and 7·2 = 14 respectively (one weight is tripled while the other one is doubled). Limak isn't larger than Bob yet. After the second year weights are 36 and 28 , so the first weight is greater than the second one. Limak became larger than Bob after two years so you should print 2 .
 In the second sample, Limak's and Bob's weights in next years are: 12 and 18 , then 36 and 36 , and finally 108 and 72 (after three years). The answer is 3 . Remember that Limak wants to be larger than Bob and he won't be satisfied with equal weights.
 In the third sample, Limak becomes larger than Bob after the first year. Their weights will be 3 and 2 then.","```python
def main():
    a, b = map(int, input().split())
    years = 0
    while a <= b:
        a *= 3
        b *= 2
        years += 1
    print(years)

if __name__ == ""__main__"":
    main()
```","```python
def calculate_years_to_exceed(a, b):
    years = 0
    while a <= b:
        a *= 3
        b *= 2
        years += 1
    return years

a, b = map(int, input().split())
print(calculate_years_to_exceed(a, b))
```","```python
def main():
    a, b = map(int, input().split())
    years = 0
    while a <= b:
        a *= 3
        b *= 2
        years += 1
    print(years)

if __name__ == ""__main__"":
    main()
```","{""verdict"": ""OK"", ""passedTestCount"": 62, ""timeConsumedMillis"": 77, ""memoryConsumedBytes"": 0}","{""verdict"": ""OK"", ""passedTestCount"": 62, ""timeConsumedMillis"": 77, ""memoryConsumedBytes"": 0}","{""verdict"": ""OK"", ""passedTestCount"": 62, ""timeConsumedMillis"": 77, ""memoryConsumedBytes"": 0}"
https://codeforces.com/problemset/problem/266/A,['implementation'],PROGRAMMING,800,266,A,"Description:


There are n stones on the table in a row, each of them can be red, green or blue. Count the minimum number of stones to take from the table so that any two neighboring stones had different colors. Stones in a row are considered neighboring if there are no other stones between them.

Input
 The first line contains integer n  (1 ≤ n ≤ 50) — the number of stones on the table.
 The next line contains string s , which represents the colors of the stones. We'll consider the stones in the row numbered from 1 to n from left to right. Then the i -th character s equals "" R "", if the i -th stone is red, "" G "", if it's green and "" B "", if it's blue.

Output
 Print a single integer — the answer to the problem.

Examples
Input
3

RRG
Output
1
Input
5

RRRRR
Output
4
Input
4

BRBG
Output
0","```python
n = int(input())
s = input()
count = 0
for i in range(n - 1):
    if s[i] == s[i + 1]:
        count += 1
print(count)
```","```python
n = int(input())
s = input()
print(sum(s[i] == s[i + 1] for i in range(n - 1)))
```","```python
import sys
input = sys.stdin.read
data = input().split()
n = int(data[0])
s = data[1]
print(sum(s[i] == s[i + 1] for i in range(n - 1)))
```","{""verdict"": ""OK"", ""passedTestCount"": 34, ""timeConsumedMillis"": 154, ""memoryConsumedBytes"": 0}","{""verdict"": ""OK"", ""passedTestCount"": 34, ""timeConsumedMillis"": 154, ""memoryConsumedBytes"": 0}","{""verdict"": ""OK"", ""passedTestCount"": 34, ""timeConsumedMillis"": 154, ""memoryConsumedBytes"": 0}"
https://codeforces.com/problemset/problem/617/A,['math'],PROGRAMMING,800,617,A,"Description:


An elephant decided to visit his friend. It turned out that the elephant's house is located at point 0 and his friend's house is located at point x ( x > 0) of the coordinate line. In one step the elephant can move 1 , 2 , 3 , 4 or 5 positions forward. Determine, what is the minimum number of steps he need to make in order to get to his friend's house.

Input
 The first line of the input contains an integer x ( 1 ≤ x ≤ 1 000 000 ) — The coordinate of the friend's house.

Output
 Print the minimum number of steps that elephant needs to make to get from point 0 to point x .

Examples
Input
5
Output
1
Input
12
Output
3

Note
 In the first sample the elephant needs to make one step of length 5 to reach the point x .
 In the second sample the elephant can get to point x if he moves by 3 , 5 and 4 . There are other ways to get the optimal answer but the elephant cannot reach x in less than three moves.","```python
x = int(input())
print((x + 4) // 5)
```","```python
import sys

def min_steps_to_friend_house(x):
    return (x + 4) // 5

if __name__ == ""__main__"":
    x = int(input().strip())
    print(min_steps_to_friend_house(x))
```","```python
import sys

def min_steps_to_friend():
    x = int(sys.stdin.read().strip())
    print((x + 4) // 5)

min_steps_to_friend()
```","{""verdict"": ""OK"", ""passedTestCount"": 34, ""timeConsumedMillis"": 62, ""memoryConsumedBytes"": 0}","{""verdict"": ""OK"", ""passedTestCount"": 34, ""timeConsumedMillis"": 77, ""memoryConsumedBytes"": 0}","{""verdict"": ""OK"", ""passedTestCount"": 34, ""timeConsumedMillis"": 77, ""memoryConsumedBytes"": 0}"
https://codeforces.com/problemset/problem/546/A,"['brute force', 'implementation', 'math']",PROGRAMMING,800,546,A,"Description:


A soldier wants to buy w bananas in the shop. He has to pay k dollars for the first banana, 2 k dollars for the second one and so on (in other words, he has to pay i · k dollars for the i -th banana).
 He has n dollars. How many dollars does he have to borrow from his friend soldier to buy w bananas?

Input
 The first line contains three positive integers k , n , w ( 1  ≤ k , w ≤  1000 , 0 ≤ n ≤ 10 9 ), the cost of the first banana, initial number of dollars the soldier has and number of bananas he wants.

Output
 Output one integer — the amount of dollars that the soldier must borrow from his friend. If he doesn't have to borrow money, output 0 .

Examples
Input
3 17 4
Output
13","```python
k, n, w = map(int, input().split())
total_cost = k * w * (w + 1) // 2
amount_to_borrow = max(0, total_cost - n)
print(amount_to_borrow)
```","```python
k, n, w = map(int, input().split())
total_cost = k * (w * (w + 1)) // 2
amount_to_borrow = max(0, total_cost - n)
print(amount_to_borrow)
```","```python
def calculate_borrow_amount():
    k, n, w = map(int, input().split())
    total_cost = (w * (w + 1) // 2) * k
    borrow_amount = max(0, total_cost - n)
    print(borrow_amount)

calculate_borrow_amount()
```","{""verdict"": ""OK"", ""passedTestCount"": 15, ""timeConsumedMillis"": 62, ""memoryConsumedBytes"": 0}","{""verdict"": ""OK"", ""passedTestCount"": 15, ""timeConsumedMillis"": 77, ""memoryConsumedBytes"": 0}","{""verdict"": ""OK"", ""passedTestCount"": 15, ""timeConsumedMillis"": 62, ""memoryConsumedBytes"": 0}"
https://codeforces.com/problemset/problem/59/A,"['implementation', 'strings']",PROGRAMMING,800,59,A,"Description:


Vasya is very upset that many people on the Net mix uppercase and lowercase letters in one word. That's why he decided to invent an extension for his favorite browser that would change the letters' register in every word so that it either only consisted of lowercase letters or, vice versa, only of uppercase ones. At that as little as possible letters should be changed in the word. For example, the word HoUse must be replaced with house , and the word ViP — with VIP . If a word contains an equal number of uppercase and lowercase letters, you should replace all the letters with lowercase ones. For example, maTRIx should be replaced by matrix . Your task is to use the given method on one given word.

Input
 The first line contains a word s — it consists of uppercase and lowercase Latin letters and possesses the length from 1 to 100 .

Output
 Print the corrected word s . If the given word s has strictly more uppercase letters, make the word written in the uppercase register, otherwise - in the lowercase one.

Examples
Input
HoUse
Output
house
Input
ViP
Output
VIP
Input
maTRIx
Output
matrix","```python
s = input()
upper_count = sum(1 for char in s if char.isupper())
if upper_count * 2 > len(s):
    print(s.upper())
else:
    print(s.lower())
```","```python
def process_word(s):
    upper_count = sum(1 for char in s if char.isupper())
    lower_count = len(s) - upper_count

    if upper_count > lower_count:
        return s.upper()
    else:
        return s.lower()

if __name__ == ""__main__"":
    word = input().strip()
    print(process_word(word))
```","```python
s = input()
if sum(c.isupper() for c in s) > len(s) / 2:
    print(s.upper())
else:
    print(s.lower())
```","{""verdict"": ""OK"", ""passedTestCount"": 30, ""timeConsumedMillis"": 124, ""memoryConsumedBytes"": 0}","{""verdict"": ""OK"", ""passedTestCount"": 30, ""timeConsumedMillis"": 154, ""memoryConsumedBytes"": 0}","{""verdict"": ""OK"", ""passedTestCount"": 30, ""timeConsumedMillis"": 124, ""memoryConsumedBytes"": 0}"
https://codeforces.com/problemset/problem/977/A,['implementation'],PROGRAMMING,800,977,A,"Description:


Little girl Tanya is learning how to decrease a number by one, but she does it wrong with a number consisting of two or more digits. Tanya subtracts one from a number by the following algorithm:
 if the last digit of the number is non-zero, she decreases the number by one; if the last digit of the number is zero, she divides the number by 10 (i.e. removes the last digit).
 You are given an integer number  n . Tanya will subtract one from it  k times. Your task is to print the result after all  k subtractions.
 It is guaranteed that the result will be positive integer number.

Input
 The first line of the input contains two integer numbers  n and  k (  2 ≤ n ≤ 10 9 ,  1 ≤ k ≤ 50 ) — the number from which Tanya will subtract and the number of subtractions correspondingly.

Output
 Print one integer number — the result of the decreasing  n by one  k times.
 It is guaranteed that the result will be positive integer number.

Examples
Input
512 4
Output
50
Input
1000000000 9
Output
1

Note
 The first example corresponds to the following sequence:  512 → 511 → 510 → 51 → 50 .","```python
def main():
    n, k = map(int, input().split())
    for _ in range(k):
        if n % 10 == 0:
            n //= 10
        else:
            n -= 1
    print(n)

if __name__ == ""__main__"":
    main()
```","```python
n, k = map(int, input().split())
for _ in range(k):
    n = n // 10 if n % 10 == 0 else n - 1
print(n)
```","```python
n, k = map(int, input().split())
for _ in range(k):
    n = n // 10 if n % 10 == 0 else n - 1
print(n)
```","{""verdict"": ""OK"", ""passedTestCount"": 11, ""timeConsumedMillis"": 77, ""memoryConsumedBytes"": 0}","{""verdict"": ""OK"", ""passedTestCount"": 11, ""timeConsumedMillis"": 62, ""memoryConsumedBytes"": 0}","{""verdict"": ""OK"", ""passedTestCount"": 11, ""timeConsumedMillis"": 62, ""memoryConsumedBytes"": 0}"
https://codeforces.com/problemset/problem/110/A,['implementation'],PROGRAMMING,800,110,A,"Description:


Petya loves lucky numbers. We all know that lucky numbers are the positive integers whose decimal representations contain only the lucky digits 4 and 7 . For example, numbers 47 , 744 , 4 are lucky and 5 , 17 , 467 are not.
 Unfortunately, not all numbers are lucky. Petya calls a number nearly lucky if the number of lucky digits in it is a lucky number. He wonders whether number n is a nearly lucky number.

Input
 The only line contains an integer n ( 1 ≤ n ≤ 10 18 ).
 Please do not use the %lld specificator to read or write 64-bit numbers in С++. It is preferred to use the cin, cout streams or the %I64d specificator.

Output
 Print on the single line "" YES "" if n is a nearly lucky number. Otherwise, print "" NO "" (without the quotes).

Examples
Input
40047
Output
NO
Input
7747774
Output
YES
Input
1000000000000000000
Output
NO

Note
 In the first sample there are 3 lucky digits (first one and last two), so the answer is "" NO "".
 In the second sample there are 7 lucky digits, 7 is lucky number, so the answer is "" YES "".
 In the third sample there are no lucky digits, so the answer is "" NO "".","```python
def main():
    n = input()
    count_lucky_digits = sum(d in '47' for d in n)
    print(""YES"" if count_lucky_digits in {4, 7} else ""NO"")

main()","```python
n = input()
count_lucky_digits = n.count('4') + n.count('7')
is_nearly_lucky = count_lucky_digits in [4, 7]
print(""YES"" if is_nearly_lucky else ""NO"")
```","```python
def main():
    n = input()
    count_lucky_digits = sum(1 for digit in n if digit in '47')
    
    def is_lucky(num):
        return all(digit in '47' for digit in str(num))
    
    print(""YES"" if is_lucky(count_lucky_digits) else ""NO"")

if __name__ == ""__main__"":
    main()
```","{""verdict"": ""OK"", ""passedTestCount"": 34, ""timeConsumedMillis"": 124, ""memoryConsumedBytes"": 0}","{""verdict"": ""OK"", ""passedTestCount"": 34, ""timeConsumedMillis"": 124, ""memoryConsumedBytes"": 0}","{""verdict"": ""OK"", ""passedTestCount"": 34, ""timeConsumedMillis"": 154, ""memoryConsumedBytes"": 0}"
https://codeforces.com/problemset/problem/734/A,"['implementation', 'strings']",PROGRAMMING,800,734,A,"Description:


Anton likes to play chess, and so does his friend Danik.
 Once they have played n games in a row. For each game it's known who was the winner — Anton or Danik. None of the games ended with a tie.
 Now Anton wonders, who won more games, he or Danik? Help him determine this.

Input
 The first line of the input contains a single integer n ( 1 ≤ n ≤ 100 000 ) — the number of games played.
 The second line contains a string s , consisting of n uppercase English letters ' A ' and ' D ' — the outcome of each of the games. The i -th character of the string is equal to ' A ' if the Anton won the i -th game and ' D ' if Danik won the i -th game.

Output
 If Anton won more games than Danik, print "" Anton "" (without quotes) in the only line of the output.
 If Danik won more games than Anton, print "" Danik "" (without quotes) in the only line of the output.
 If Anton and Danik won the same number of games, print "" Friendship "" (without quotes).

Examples
Input
6

ADAAAA
Output
Anton
Input
7

DDDAADA
Output
Danik
Input
6

DADADA
Output
Friendship

Note
 In the first sample, Anton won 6 games, while Danik — only 1 . Hence, the answer is "" Anton "".
 In the second sample, Anton won 3 games and Danik won 4 games, so the answer is "" Danik "".
 In the third sample, both Anton and Danik won 3 games and the answer is "" Friendship "".","```python
n = int(input())
s = input()
a = s.count('A')
d = s.count('D')

if a > d:
    print(""Anton"")
elif d > a:
    print(""Danik"")
else:
    print(""Friendship"")
```","```python
n = int(input())
s = input()
a_count = s.count('A')
d_count = s.count('D')

if a_count > d_count:
    print(""Anton"")
elif d_count > a_count:
    print(""Danik"")
else:
    print(""Friendship"")
```","```python
n = int(input())
s = input()

a_wins = s.count('A')
d_wins = s.count('D')

if a_wins > d_wins:
    print(""Anton"")
elif d_wins > a_wins:
    print(""Danik"")
else:
    print(""Friendship"")
```","{""verdict"": ""OK"", ""passedTestCount"": 25, ""timeConsumedMillis"": 62, ""memoryConsumedBytes"": 0}","{""verdict"": ""OK"", ""passedTestCount"": 25, ""timeConsumedMillis"": 78, ""memoryConsumedBytes"": 0}","{""verdict"": ""OK"", ""passedTestCount"": 25, ""timeConsumedMillis"": 62, ""memoryConsumedBytes"": 0}"
https://codeforces.com/problemset/problem/41/A,"['implementation', 'strings']",PROGRAMMING,800,41,A,"Description:


The translation from the Berland language into the Birland language is not an easy task. Those languages are very similar: a Berlandish word differs from a Birlandish word with the same meaning a little: it is spelled (and pronounced) reversely. For example, a Berlandish word code corresponds to a Birlandish word edoc . However, making a mistake during the ""translation"" is easy. Vasya translated the word s from Berlandish into Birlandish as t . Help him: find out if he translated the word correctly.

Input
 The first line contains word s , the second line contains word t . The words consist of lowercase Latin letters. The input data do not contain unnecessary spaces. The words are not empty and their lengths do not exceed 100 symbols.

Output
 If the word t is a word s , written reversely, print YES , otherwise print NO .

Examples
Input
code

edoc
Output
YES
Input
abb

aba
Output
NO
Input
code

code
Output
NO","```python
s = input().strip()
t = input().strip()

if s == t[::-1]:
    print(""YES"")
else:
    print(""NO"")
```","```python
s = input().strip()
t = input().strip()
print(""YES"" if s == t[::-1] else ""NO"")
```","```python
s = input()
t = input()
print(""YES"" if s == t[::-1] else ""NO"")
```","{""verdict"": ""OK"", ""passedTestCount"": 46, ""timeConsumedMillis"": 62, ""memoryConsumedBytes"": 0}","{""verdict"": ""OK"", ""passedTestCount"": 46, ""timeConsumedMillis"": 77, ""memoryConsumedBytes"": 0}","{""verdict"": ""OK"", ""passedTestCount"": 46, ""timeConsumedMillis"": 77, ""memoryConsumedBytes"": 0}"
https://codeforces.com/problemset/problem/116/A,['implementation'],PROGRAMMING,800,116,A,"Description:


Linear Kingdom has exactly one tram line. It has n stops, numbered from 1 to n in the order of tram's movement. At the i -th stop a i passengers exit the tram, while b i passengers enter it. The tram is empty before it arrives at the first stop. Also, when the tram arrives at the last stop, all passengers exit so that it becomes empty.
 Your task is to calculate the tram's minimum capacity such that the number of people inside the tram at any time never exceeds this capacity. Note that at each stop all exiting passengers exit before any entering passenger enters the tram.

Input
 The first line contains a single number n ( 2 ≤ n ≤ 1000 ) — the number of the tram's stops.
 Then n lines follow, each contains two integers a i and b i ( 0 ≤ a i , b i ≤ 1000 ) — the number of passengers that exits the tram at the i -th stop, and the number of passengers that enter the tram at the i -th stop. The stops are given from the first to the last stop in the order of tram's movement.
 The number of people who exit at a given stop does not exceed the total number of people in the tram immediately before it arrives at the stop. More formally,  . This particularly means that a 1 = 0 . At the last stop, all the passengers exit the tram and it becomes empty. More formally,  . No passenger will enter the train at the last stop. That is, b n = 0 .

Output
 Print a single integer denoting the minimum possible capacity of the tram (0 is allowed).

Examples
Input
4

0 3

2 5

4 2

4 0
Output
6

Note
 For the first example, a capacity of 6 is sufficient:
 At the first stop, the number of passengers inside the tram before arriving is 0. Then, 3 passengers enter the tram, and the number of passengers inside the tram becomes 3. At the second stop, 2 passengers exit the tram (1 passenger remains inside). Then, 5 passengers enter the tram. There are 6 passengers inside the tram now. At the third stop, 4 passengers exit the tram (2 passengers remain inside). Then, 2 passengers enter the tram. There are 4 passengers inside the tram now. Finally, all the remaining passengers inside the tram exit the tram at the last stop. There are no passenger inside the tram now, which is in line with the constraints.
 Since the number of passengers inside the tram never exceeds 6, a capacity of 6 is sufficient. Furthermore it is not possible for the tram to have a capacity less than 6. Hence, 6 is the correct answer.","```python
import sys

def main():
    input = sys.stdin.read
    data = input().split()
    
    n = int(data[0])
    max_capacity = 0
    current_passengers = 0
    
    for i in range(1, 2 * n, 2):
        exit_count = int(data[i])
        enter_count = int(data[i + 1])
        
        current_passengers -= exit_count
        current_passengers += enter_count
        
        if current_passengers > max_capacity:
            max_capacity = current_passengers
    
    print(max_capacity)

if __name__ == ""__main__"":
    main()
```","```python
def main():
    n = int(input())
    max_capacity = 0
    current_passengers = 0
    
    for _ in range(n):
        exit_count, enter_count = map(int, input().split())
        current_passengers -= exit_count
        current_passengers += enter_count
        if current_passengers > max_capacity:
            max_capacity = current_passengers
            
    print(max_capacity)

if __name__ == ""__main__"":
    main()
```","```python
def main():
    n = int(input())
    current_passengers = 0
    max_capacity = 0
    
    for _ in range(n):
        exit_passengers, enter_passengers = map(int, input().split())
        current_passengers -= exit_passengers
        current_passengers += enter_passengers
        if current_passengers > max_capacity:
            max_capacity = current_passengers
            
    print(max_capacity)

main()
```","{""verdict"": ""OK"", ""passedTestCount"": 71, ""timeConsumedMillis"": 154, ""memoryConsumedBytes"": 0}","{""verdict"": ""OK"", ""passedTestCount"": 71, ""timeConsumedMillis"": 154, ""memoryConsumedBytes"": 0}","{""verdict"": ""OK"", ""passedTestCount"": 71, ""timeConsumedMillis"": 154, ""memoryConsumedBytes"": 0}"
https://codeforces.com/problemset/problem/677/A,['implementation'],PROGRAMMING,800,677,A,"Description:


Vanya and his friends are walking along the fence of height h and they do not want the guard to notice them. In order to achieve this the height of each of the friends should not exceed h . If the height of some person is greater than h he can bend down and then he surely won't be noticed by the guard. The height of the i -th person is equal to a i .
 Consider the width of the person walking as usual to be equal to 1 , while the width of the bent person is equal to 2 . Friends want to talk to each other while walking, so they would like to walk in a single row. What is the minimum width of the road, such that friends can walk in a row and remain unattended by the guard?

Input
 The first line of the input contains two integers n and h ( 1 ≤ n ≤ 1000 , 1 ≤ h ≤ 1000 ) — the number of friends and the height of the fence, respectively.
 The second line contains n integers a i ( 1 ≤ a i ≤ 2 h ), the i -th of them is equal to the height of the i -th person.

Output
 Print a single integer — the minimum possible valid width of the road.

Examples
Input
3 7

4 5 14
Output
4
Input
6 1

1 1 1 1 1 1
Output
6
Input
6 5

7 6 8 9 10 5
Output
11

Note
 In the first sample, only person number 3 must bend down, so the required width is equal to 1 + 1 + 2 = 4 .
 In the second sample, all friends are short enough and no one has to bend, so the width 1 + 1 + 1 + 1 + 1 + 1 = 6 is enough.
 In the third sample, all the persons have to bend, except the last one. The required minimum width of the road is equal to 2 + 2 + 2 + 2 + 2 + 1 = 11 .","```python
n, h = map(int, input().split())
a = list(map(int, input().split()))
width = sum(2 if x > h else 1 for x in a)
print(width)
```","```python
import sys

def main():
    input = sys.stdin.read
    data = input().split()
    
    n, h = int(data[0]), int(data[1])
    heights = list(map(int, data[2:2 + n]))
    
    width = 0
    for height in heights:
        if height > h:
            width += 2
        else:
            width += 1
    
    print(width)

if __name__ == ""__main__"":
    main()
```","```python
n, h = map(int, input().split())
a = list(map(int, input().split()))
print(n + sum(x > h for x in a))
```","{""verdict"": ""OK"", ""passedTestCount"": 29, ""timeConsumedMillis"": 62, ""memoryConsumedBytes"": 0}","{""verdict"": ""OK"", ""passedTestCount"": 29, ""timeConsumedMillis"": 62, ""memoryConsumedBytes"": 0}","{""verdict"": ""OK"", ""passedTestCount"": 29, ""timeConsumedMillis"": 77, ""memoryConsumedBytes"": 0}"
https://codeforces.com/problemset/problem/271/A,['brute force'],PROGRAMMING,800,271,A,"Description:


It seems like the year of 2013 came only yesterday. Do you know a curious fact? The year of 2013 is the first year after the old 1987 with only distinct digits.
 Now you are suggested to solve the following problem: given a year number, find the minimum year number which is strictly larger than the given one and has only distinct digits.

Input
 The single line contains integer y  (1000 ≤ y ≤ 9000) — the year number.

Output
 Print a single integer — the minimum year number that is strictly larger than y and all it's digits are distinct. It is guaranteed that the answer exists.

Examples
Input
1987
Output
2013
Input
2013
Output
2014","```python
y = int(input()) + 1
while len(set(str(y))) < 4:
    y += 1
print(y)
```","

```python
def find_next_distinct_year(y):
    y += 1
    while len(set(str(y))) < 4:
        y += 1
    return y

year = int(input())
print(find_next_distinct_year(year))
```","```python
def has_distinct_digits(year):
    return len(set(str(year))) == 4

year = int(input())
year += 1
while not has_distinct_digits(year):
    year += 1

print(year)
```","{""verdict"": ""OK"", ""passedTestCount"": 27, ""timeConsumedMillis"": 154, ""memoryConsumedBytes"": 0}","{""verdict"": ""OK"", ""passedTestCount"": 27, ""timeConsumedMillis"": 154, ""memoryConsumedBytes"": 0}","{""verdict"": ""OK"", ""passedTestCount"": 27, ""timeConsumedMillis"": 154, ""memoryConsumedBytes"": 0}"
https://codeforces.com/problemset/problem/266/B,"['constructive algorithms', 'graph matchings', 'implementation', 'shortest paths']",PROGRAMMING,800,266,B,"Description:


During the break the schoolchildren, boys and girls, formed a queue of n people in the canteen. Initially the children stood in the order they entered the canteen. However, after a while the boys started feeling awkward for standing in front of the girls in the queue and they started letting the girls move forward each second.
 Let's describe the process more precisely. Let's say that the positions in the queue are sequentially numbered by integers from 1 to n , at that the person in the position number 1 is served first. Then, if at time x a boy stands on the i -th position and a girl stands on the ( i + 1) -th position, then at time x + 1 the i -th position will have a girl and the ( i + 1) -th position will have a boy. The time is given in seconds.
 You've got the initial position of the children, at the initial moment of time. Determine the way the queue is going to look after t seconds.

Input
 The first line contains two integers n and t  (1 ≤ n , t ≤ 50) , which represent the number of children in the queue and the time after which the queue will transform into the arrangement you need to find.
 The next line contains string s , which represents the schoolchildren's initial arrangement. If the i -th position in the queue contains a boy, then the i -th character of string s equals "" B "", otherwise the i -th character equals "" G "".

Output
 Print string a , which describes the arrangement after t seconds. If the i -th position has a boy after the needed time, then the i -th character a must equal "" B "", otherwise it must equal "" G "".

Examples
Input
5 1

BGGBG
Output
GBGGB
Input
5 2

BGGBG
Output
GGBGB
Input
4 1

GGGB
Output
GGGB","```python
import sys

def main():
    n, t = map(int, input().split())
    s = input()
    for _ in range(t):
        s = s.replace(""BG"", ""GB"")
    print(s)

if __name__ == ""__main__"":
    main()
```","```python
import sys

def transform_queue():
    n, t = map(int, input().split())
    s = list(input().strip())
    
    for _ in range(t):
        i = 0
        while i < n - 1:
            if s[i] == 'B' and s[i + 1] == 'G':
                s[i], s[i + 1] = s[i + 1], s[i]
                i += 2
            else:
                i += 1
    
    print("""".join(s))

transform_queue()
```","```python
n, t = map(int, input().split())
s = input()

for _ in range(t):
    s = s.replace('BG', 'GB')

print(s)
```","{""verdict"": ""OK"", ""passedTestCount"": 44, ""timeConsumedMillis"": 124, ""memoryConsumedBytes"": 0}","{""verdict"": ""OK"", ""passedTestCount"": 44, ""timeConsumedMillis"": 154, ""memoryConsumedBytes"": 0}","{""verdict"": ""OK"", ""passedTestCount"": 44, ""timeConsumedMillis"": 154, ""memoryConsumedBytes"": 0}"
https://codeforces.com/problemset/problem/1030/A,['implementation'],PROGRAMMING,800,1030,A,"Description:


When preparing a tournament, Codeforces coordinators try treir best to make the first problem as easy as possible. This time the coordinator had chosen some problem and asked  n people about their opinions. Each person answered whether this problem is easy or hard.
 If at least one of these  n people has answered that the problem is hard, the coordinator decides to change the problem. For the given responses, check if the problem is easy enough.

Input
 The first line contains a single integer  n (  1 ≤ n ≤ 100 ) — the number of people who were asked to give their opinions.
 The second line contains  n integers, each integer is either  0 or  1 . If  i -th integer is  0 , then  i -th person thinks that the problem is easy; if it is  1 , then  i -th person thinks that the problem is hard.

Output
 Print one word: "" EASY "" if the problem is easy according to all responses, or "" HARD "" if there is at least one person who thinks the problem is hard.
 You may print every letter in any register: "" EASY "", "" easy "", "" EaSY "" and "" eAsY "" all will be processed correctly.

Examples
Input
3

0 0 1
Output
HARD
Input
1

0
Output
EASY

Note
 In the first example the third person says it's a hard problem, so it should be replaced.
 In the second example the problem easy for the only person, so it doesn't have to be replaced.","```python
n = int(input())
opinions = input().strip()
print(""HARD"" if '1' in opinions else ""EASY"")
```","```python
n = int(input())
opinions = input().split()
print(""HARD"" if ""1"" in opinions else ""EASY"")
```","```python
print(""HARD"" if ""1"" in input() else ""EASY"")
```","{""verdict"": ""WRONG_ANSWER"", ""passedTestCount"": 0, ""timeConsumedMillis"": 61, ""memoryConsumedBytes"": 0}","{""verdict"": ""OK"", ""passedTestCount"": 28, ""timeConsumedMillis"": 77, ""memoryConsumedBytes"": 102400}","{""verdict"": ""OK"", ""passedTestCount"": 28, ""timeConsumedMillis"": 77, ""memoryConsumedBytes"": 0}"
https://codeforces.com/problemset/problem/467/A,['implementation'],PROGRAMMING,800,467,A,"Description:


George has recently entered the BSUCP (Berland State University for Cool Programmers). George has a friend Alex who has also entered the university. Now they are moving into a dormitory.
 George and Alex want to live in the same room. The dormitory has n rooms in total. At the moment the i -th room has p i people living in it and the room can accommodate q i people in total ( p i ≤ q i ). Your task is to count how many rooms has free place for both George and Alex.

Input
 The first line contains a single integer n  (1 ≤ n ≤ 100) — the number of rooms.
 The i -th of the next n lines contains two integers p i and q i  (0 ≤ p i ≤ q i ≤ 100) — the number of people who already live in the i -th room and the room's capacity.

Output
 Print a single integer — the number of rooms where George and Alex can move in.

Examples
Input
3

1 1

2 2

3 3
Output
0
Input
3

1 10

0 10

10 10
Output
2","```python
n = int(input())
count = 0
for _ in range(n):
    p, q = map(int, input().split())
    if q - p >= 2:
        count += 1
print(count)
```","```python
n = int(input())
count = 0

for _ in range(n):
    p, q = map(int, input().split())
    if q - p >= 2:
        count += 1

print(count)
```","```python
def main():
    n = int(input())
    count = 0
    for _ in range(n):
        p, q = map(int, input().split())
        if q - p >= 2:
            count += 1
    print(count)

if __name__ == ""__main__"":
    main()
```","{""verdict"": ""OK"", ""passedTestCount"": 27, ""timeConsumedMillis"": 77, ""memoryConsumedBytes"": 0}","{""verdict"": ""OK"", ""passedTestCount"": 27, ""timeConsumedMillis"": 77, ""memoryConsumedBytes"": 0}","{""verdict"": ""OK"", ""passedTestCount"": 27, ""timeConsumedMillis"": 77, ""memoryConsumedBytes"": 0}"
https://codeforces.com/problemset/problem/344/A,['implementation'],PROGRAMMING,800,344,A,"Description:


Mad scientist Mike entertains himself by arranging rows of dominoes. He doesn't need dominoes, though: he uses rectangular magnets instead. Each magnet has two poles, positive (a ""plus"") and negative (a ""minus""). If two magnets are put together at a close distance, then the like poles will repel each other and the opposite poles will attract each other.
 Mike starts by laying one magnet horizontally on the table. During each following step Mike adds one more magnet horizontally to the right end of the row. Depending on how Mike puts the magnet on the table, it is either attracted to the previous one (forming a group of multiple magnets linked together) or repelled by it (then Mike lays this magnet at some distance to the right from the previous one). We assume that a sole magnet not linked to others forms a group of its own.
 
 Mike arranged multiple magnets in a row. Determine the number of groups that the magnets formed.

Input
 The first line of the input contains an integer n ( 1 ≤ n ≤ 100000 ) — the number of magnets. Then n lines follow. The i -th line ( 1 ≤ i ≤ n ) contains either characters "" 01 "", if Mike put the i -th magnet in the ""plus-minus"" position, or characters "" 10 "", if Mike put the magnet in the ""minus-plus"" position.

Output
 On the single line of the output print the number of groups of magnets.

Examples
Input
6

10

10

10

01

10

10
Output
3
Input
4

01

01

10

10
Output
2

Note
 The first testcase corresponds to the figure. The testcase has three groups consisting of three, one and two magnets.
 The second testcase has two groups, each consisting of two magnets.","```python
def main():
    n = int(input())
    prev = input()
    count = 1

    for _ in range(n - 1):
        curr = input()
        if curr != prev:
            count += 1
        prev = curr
    
    print(count)

if __name__ == ""__main__"":
    main()
```","```python
n = int(input())
prev, count = """", 0
for _ in range(n):
    magnet = input()
    if magnet != prev:
        count += 1
    prev = magnet
print(count)
```","```python
import sys

def count_magnet_groups():
    input = sys.stdin.read
    data = input().splitlines()
    
    n = int(data[0])
    prev = None
    groups = 0
    
    for i in range(1, n + 1):
        current = data[i]
        if prev is None or prev != current:
            groups += 1
        prev = current
    
    print(groups)

count_magnet_groups()
```","{""verdict"": ""OK"", ""passedTestCount"": 31, ""timeConsumedMillis"": 156, ""memoryConsumedBytes"": 8294400}","{""verdict"": ""OK"", ""passedTestCount"": 31, ""timeConsumedMillis"": 280, ""memoryConsumedBytes"": 0}","{""verdict"": ""OK"", ""passedTestCount"": 31, ""timeConsumedMillis"": 280, ""memoryConsumedBytes"": 0}"
https://codeforces.com/problemset/problem/486/A,"['implementation', 'math']",PROGRAMMING,800,486,A,"Description:


For a positive integer n let's define a function f :
 f ( n ) =  - 1 + 2 - 3 + .. + ( - 1) n n
 Your task is to calculate f ( n ) for a given integer n .

Input
 The single line contains the positive integer n ( 1 ≤ n ≤ 10 15 ).

Output
 Print f ( n ) in a single line.

Examples
Input
4
Output
2
Input
5
Output
-3

Note
 f (4) =  - 1 + 2 - 3 + 4 = 2
 f (5) =  - 1 + 2 - 3 + 4 - 5 =  - 3","```python
n = int(input())
print(n // 2 - n % 2 * n)
```","```python
def f(n):
    return n // 2 - n * (n % 2)

if __name__ == ""__main__"":
    import sys
    input = sys.stdin.read
    n = int(input().strip())
    print(f(n))
```","```python
n = int(input())
result = n // 2 - (n % 2) * n if n > 0 else 0
print(result)
```","{""verdict"": ""OK"", ""passedTestCount"": 39, ""timeConsumedMillis"": 78, ""memoryConsumedBytes"": 0}","{""verdict"": ""OK"", ""passedTestCount"": 39, ""timeConsumedMillis"": 93, ""memoryConsumedBytes"": 0}","{""verdict"": ""OK"", ""passedTestCount"": 39, ""timeConsumedMillis"": 77, ""memoryConsumedBytes"": 0}"
https://codeforces.com/problemset/problem/136/A,['implementation'],PROGRAMMING,800,136,A,"Description:


Little Petya very much likes gifts. Recently he has received a new laptop as a New Year gift from his mother. He immediately decided to give it to somebody else as what can be more pleasant than giving somebody gifts. And on this occasion he organized a New Year party at his place and invited n his friends there.
 If there's one thing Petya likes more that receiving gifts, that's watching others giving gifts to somebody else. Thus, he safely hid the laptop until the next New Year and made up his mind to watch his friends exchanging gifts while he does not participate in the process. He numbered all his friends with integers from 1 to n . Petya remembered that a friend number i gave a gift to a friend number p i . He also remembered that each of his friends received exactly one gift.
 Now Petya wants to know for each friend i the number of a friend who has given him a gift.

Input
 The first line contains one integer n ( 1 ≤ n ≤ 100 ) — the quantity of friends Petya invited to the party. The second line contains n space-separated integers: the i -th number is p i — the number of a friend who gave a gift to friend number i . It is guaranteed that each friend received exactly one gift. It is possible that some friends do not share Petya's ideas of giving gifts to somebody else. Those friends gave the gifts to themselves.

Output
 Print n space-separated integers: the i -th number should equal the number of the friend who gave a gift to friend number i .

Examples
Input
4

2 3 4 1
Output
4 1 2 3
Input
3

1 3 2
Output
1 3 2
Input
2

1 2
Output
1 2","```python
n = int(input())
p = list(map(int, input().split()))
result = [0] * n
for i in range(n):
    result[p[i] - 1] = str(i + 1)
print("" "".join(result))
```","```python
n = int(input())
p = list(map(int, input().split()))
result = [0] * n
for i in range(n):
    result[p[i] - 1] = str(i + 1)
print("" "".join(result))
```","```python
n = int(input())
p = list(map(int, input().split()))
result = [0] * n
for i in range(n):
    result[p[i] - 1] = i + 1
print(*result)
```","{""verdict"": ""OK"", ""passedTestCount"": 101, ""timeConsumedMillis"": 154, ""memoryConsumedBytes"": 0}","{""verdict"": ""OK"", ""passedTestCount"": 101, ""timeConsumedMillis"": 154, ""memoryConsumedBytes"": 0}","{""verdict"": ""OK"", ""passedTestCount"": 101, ""timeConsumedMillis"": 156, ""memoryConsumedBytes"": 0}"
https://codeforces.com/problemset/problem/200/B,"['implementation', 'math']",PROGRAMMING,800,200,B,"Description:


Little Vasya loves orange juice very much. That's why any food and drink in his kitchen necessarily contains orange juice. There are n drinks in his fridge, the volume fraction of orange juice in the i -th drink equals p i percent.
 One day Vasya decided to make himself an orange cocktail. He took equal proportions of each of the n drinks and mixed them. Then he wondered, how much orange juice the cocktail has.
 Find the volume fraction of orange juice in the final drink.

Input
 The first input line contains a single integer n ( 1 ≤ n ≤ 100 ) — the number of orange-containing drinks in Vasya's fridge. The second line contains n integers p i ( 0 ≤ p i ≤ 100 ) — the volume fraction of orange juice in the i -th drink, in percent. The numbers are separated by a space.

Output
 Print the volume fraction in percent of orange juice in Vasya's cocktail. The answer will be considered correct if the absolute or relative error does not exceed 10 - 4 .

Examples
Input
3

50 50 100
Output
66.666666666667
Input
4

0 25 50 75
Output
37.500000000000

Note
 Note to the first sample: let's assume that Vasya takes x milliliters of each drink from the fridge. Then the volume of pure juice in the cocktail will equal  milliliters. The total cocktail's volume equals 3· x milliliters, so the volume fraction of the juice in the cocktail equals  , that is, 66.(6) percent.","```python
n = int(input())
p = list(map(int, input().split()))
print(sum(p) / n)
```","```python
n = int(input())
p = list(map(int, input().split()))
print(sum(p) / n)
```","```python
import sys

def main():
    n = int(input())
    percentages = list(map(int, input().split()))
    average_percentage = sum(percentages) / n
    print(average_percentage)

if __name__ == ""__main__"":
    main()
```","{""verdict"": ""OK"", ""passedTestCount"": 31, ""timeConsumedMillis"": 186, ""memoryConsumedBytes"": 0}","{""verdict"": ""OK"", ""passedTestCount"": 31, ""timeConsumedMillis"": 186, ""memoryConsumedBytes"": 0}","{""verdict"": ""OK"", ""passedTestCount"": 31, ""timeConsumedMillis"": 154, ""memoryConsumedBytes"": 0}"
https://codeforces.com/problemset/problem/61/A,['implementation'],PROGRAMMING,800,61,A,"Description:


Shapur was an extremely gifted student. He was great at everything including Combinatorics, Algebra, Number Theory, Geometry, Calculus, etc. He was not only smart but extraordinarily fast! He could manage to sum 10 18 numbers in a single second.
 One day in 230 AD Shapur was trying to find out if any one can possibly do calculations faster than him. As a result he made a very great contest and asked every one to come and take part.
 In his contest he gave the contestants many different pairs of numbers. Each number is made from digits 0 or 1 . The contestants should write a new number corresponding to the given pair of numbers. The rule is simple: The i -th digit of the answer is 1 if and only if the i -th digit of the two given numbers differ. In the other case the i -th digit of the answer is 0 .
 Shapur made many numbers and first tried his own speed. He saw that he can perform these operations on numbers of length ∞ (length of a number is number of digits in it) in a glance! He always gives correct answers so he expects the contestants to give correct answers, too. He is a good fellow so he won't give anyone very big numbers and he always gives one person numbers of same length.
 Now you are going to take part in Shapur's contest. See if you are faster and more accurate.

Input
 There are two lines in each input. Each of them contains a single number. It is guaranteed that the numbers are made from 0 and 1 only and that their length is same. The numbers may start with 0 . The length of each number doesn't exceed 100.

Output
 Write one line — the corresponding answer. Do not omit the leading 0 s.

Examples
Input
1010100

0100101
Output
1110001
Input
000

111
Output
111
Input
1110

1010
Output
0100
Input
01110

01100
Output
00010","```python
def xor_strings(a, b):
    return ''.join('1' if x != y else '0' for x, y in zip(a, b))

if __name__ == ""__main__"":
    input()
    print(xor_strings(input().strip(), input().strip()))
```","```python
def main():
    a = input().strip()
    b = input().strip()
    result = ''.join('1' if x != y else '0' for x, y in zip(a, b))
    print(result)

if __name__ == ""__main__"":
    main()
```","```python
def calculate_xor(a, b):
    return ''.join('1' if x != y else '0' for x, y in zip(a, b))

if __name__ == ""__main__"":
    a = input().strip()
    b = input().strip()
    result = calculate_xor(a, b)
    print(result)
```","{""verdict"": ""OK"", ""passedTestCount"": 102, ""timeConsumedMillis"": 77, ""memoryConsumedBytes"": 0}","{""verdict"": ""OK"", ""passedTestCount"": 102, ""timeConsumedMillis"": 93, ""memoryConsumedBytes"": 0}","{""verdict"": ""RUNTIME_ERROR"", ""passedTestCount"": 0, ""timeConsumedMillis"": 61, ""memoryConsumedBytes"": 0}"
https://codeforces.com/problemset/problem/228/A,['implementation'],PROGRAMMING,800,228,A,"Description:


Valera the Horse is going to the party with friends. He has been following the fashion trends for a while, and he knows that it is very popular to wear all horseshoes of different color. Valera has got four horseshoes left from the last year, but maybe some of them have the same color. In this case he needs to go to the store and buy some few more horseshoes, not to lose face in front of his stylish comrades.
 Fortunately, the store sells horseshoes of all colors under the sun and Valera has enough money to buy any four of them. However, in order to save the money, he would like to spend as little money as possible, so you need to help Valera and determine what is the minimum number of horseshoes he needs to buy to wear four horseshoes of different colors to a party.

Input
 The first line contains four space-separated integers s 1 , s 2 , s 3 , s 4  (1 ≤ s 1 , s 2 , s 3 , s 4 ≤ 10 9 ) — the colors of horseshoes Valera has.
 Consider all possible colors indexed with integers.

Output
 Print a single integer — the minimum number of horseshoes Valera needs to buy.

Examples
Input
1 7 3 3
Output
1
Input
7 7 7 7
Output
3","```python
print(4 - len(set(map(int, input().split()))))
```","```python
def main():
    print(4 - len(set(map(int, input().split()))))

if __name__ == ""__main__"":
    main()
```","```python
input()
print(4 - len(set(input().split())))
```","{""verdict"": ""RUNTIME_ERROR"", ""passedTestCount"": 0, ""timeConsumedMillis"": 92, ""memoryConsumedBytes"": 0}","{""verdict"": ""OK"", ""passedTestCount"": 34, ""timeConsumedMillis"": 154, ""memoryConsumedBytes"": 0}","{""verdict"": ""OK"", ""passedTestCount"": 34, ""timeConsumedMillis"": 154, ""memoryConsumedBytes"": 0}"
https://codeforces.com/problemset/problem/705/A,['implementation'],PROGRAMMING,800,705,A,"Description:


Dr. Bruce Banner hates his enemies (like others don't). As we all know, he can barely talk when he turns into the incredible Hulk. That's why he asked you to help him to express his feelings.
 Hulk likes the Inception so much, and like that his feelings are complicated. They have n layers. The first layer is hate, second one is love, third one is hate and so on...
 For example if n = 1 , then his feeling is "" I hate it "" or if n = 2 it's "" I hate that I love it "", and if n = 3 it's "" I hate that I love that I hate it "" and so on.
 Please help Dr. Banner.

Input
 The only line of the input contains a single integer n ( 1 ≤ n ≤ 100 ) — the number of layers of love and hate.

Output
 Print Dr.Banner's feeling in one line.

Examples
Input
1
Output
I hate it
Input
2
Output
I hate that I love it
Input
3
Output
I hate that I love that I hate it","```python
n = int(input())
feelings = [""I hate"", ""I love""]
print("" that "".join(feelings[i % 2] for i in range(n)) + "" it"")
```","```python
n = int(input())
layers = [""I hate"", ""I love""]
print("" that "".join(layers[i % 2] for i in range(n)) + "" it"")
```","```python
n = int(input())
result = ' '.join(['I hate' if i % 2 else 'I love'] + ['that'] * (n - 1) + ['it'])
print(result)
```","{""verdict"": ""RUNTIME_ERROR"", ""passedTestCount"": 0, ""timeConsumedMillis"": 46, ""memoryConsumedBytes"": 0}","{""verdict"": ""OK"", ""passedTestCount"": 21, ""timeConsumedMillis"": 77, ""memoryConsumedBytes"": 0}","{""verdict"": ""OK"", ""passedTestCount"": 21, ""timeConsumedMillis"": 62, ""memoryConsumedBytes"": 0}"
https://codeforces.com/problemset/problem/1328/A,['math'],PROGRAMMING,800,1328,A,"Description:


You are given two positive integers  a and  b . In one move you can increase  a by  1 (replace  a with  a + 1 ). Your task is to find the minimum number of moves you need to do in order to make  a divisible by  b . It is possible, that you have to make  0 moves, as  a is already divisible by  b . You have to answer  t independent test cases.

Input
 The first line of the input contains one integer  t (  1 ≤ t ≤ 10 4 ) — the number of test cases. Then  t test cases follow.
 The only line of the test case contains two integers  a and  b (  1 ≤ a , b ≤ 10 9 ).

Output
 For each test case print the answer — the minimum number of moves you need to do in order to make  a divisible by  b .

Example
Input
5
10 4
13 9
100 13
123 456
92 46
Output
2
5
4
333
0","```python
def solve():
    t = int(input())
    for _ in range(t):
        a, b = map(int, input().split())
        if a % b == 0:
            print(0)
        else:
            print(b - (a % b))

solve()","```python
def min_moves_to_divisible():
    t = int(input())
    for _ in range(t):
        a, b = map(int, input().split())
        if a % b == 0:
            print(0)
        else:
            print(b - (a % b))

min_moves_to_divisible()
```","```python
for _ in range(int(input())):
    a, b = map(int, input().split())
    print((b - a % b) % b)
```","{""verdict"": ""OK"", ""passedTestCount"": 11, ""timeConsumedMillis"": 93, ""memoryConsumedBytes"": 0}","{""verdict"": ""OK"", ""passedTestCount"": 11, ""timeConsumedMillis"": 124, ""memoryConsumedBytes"": 0}","{""verdict"": ""OK"", ""passedTestCount"": 11, ""timeConsumedMillis"": 108, ""memoryConsumedBytes"": 0}"
https://codeforces.com/problemset/problem/520/A,"['implementation', 'strings']",PROGRAMMING,800,520,A,"Description:


A word or a sentence in some language is called a pangram if all the characters of the alphabet of this language appear in it at least once . Pangrams are often used to demonstrate fonts in printing or test the output devices.
 You are given a string consisting of lowercase and uppercase Latin letters. Check whether this string is a pangram. We say that the string contains a letter of the Latin alphabet if this letter occurs in the string in uppercase or lowercase.

Input
 The first line contains a single integer n ( 1 ≤ n ≤ 100 ) — the number of characters in the string.
 The second line contains the string. The string consists only of uppercase and lowercase Latin letters.

Output
 Output "" YES "", if the string is a pangram and "" NO "" otherwise.

Examples
Input
12

toosmallword
Output
NO
Input
35

TheQuickBrownFoxJumpsOverTheLazyDog
Output
YES","```python
print(""YES"" if len(set(input().upper())) == 25 else ""NO"")
```","```python
import sys

def is_pangram(n, s):
    return ""YES"" if len(set(s.lower())) == 26 else ""NO""

n = int(input().strip())
s = input().strip()
print(is_pangram(n, s))
```","```python
n = int(input())
s = input()
print(""YES"" if len(set(s.lower())) == 26 else ""NO"")
```","{""verdict"": ""OK"", ""passedTestCount"": 59, ""timeConsumedMillis"": 78, ""memoryConsumedBytes"": 0}","{""verdict"": ""OK"", ""passedTestCount"": 59, ""timeConsumedMillis"": 93, ""memoryConsumedBytes"": 0}","{""verdict"": ""WRONG_ANSWER"", ""passedTestCount"": 1, ""timeConsumedMillis"": 46, ""memoryConsumedBytes"": 0}"
https://codeforces.com/problemset/problem/469/A,"['greedy', 'implementation']",PROGRAMMING,800,469,A,"Description:


There is a game called ""I Wanna Be the Guy"", consisting of n levels. Little X and his friend Little Y are addicted to the game. Each of them wants to pass the whole game.
 Little X can pass only p levels of the game. And Little Y can pass only q levels of the game. You are given the indices of levels Little X can pass and the indices of levels Little Y can pass. Will Little X and Little Y pass the whole game, if they cooperate each other?

Input
 The first line contains a single integer n ( 1 ≤ n ≤ 100 ).
 The next line contains an integer p  (0 ≤ p ≤ n ) at first, then follows p distinct integers a 1 , a 2 , ..., a p  (1 ≤ a i ≤ n ) . These integers denote the indices of levels Little X can pass. The next line contains the levels Little Y can pass in the same format. It's assumed that levels are numbered from 1 to n .

Output
 If they can pass all the levels, print "" I become the guy. "". If it's impossible, print "" Oh, my keyboard! "" (without the quotes).

Examples
Input
4

3 1 2 3

2 2 4
Output
I become the guy.
Input
4

3 1 2 3

2 2 3
Output
Oh, my keyboard!

Note
 In the first sample, Little X can pass levels [1 2 3], and Little Y can pass level [2 4], so they can pass all the levels both.
 In the second sample, no one can pass level 4.","```python
def main():
    n = int(input())
    x_levels = set(map(int, input().split()[1:]))
    y_levels = set(map(int, input().split()[1:]))
    
    if len(x_levels | y_levels) == n:
        print(""I become the guy."")
    else:
        print(""Oh, my keyboard!"")

main()
```","```python
import sys

def main():
    input = sys.stdin.read
    data = input().split()
    
    n = int(data[0])
    p_levels = set(map(int, data[1:1 + int(data[1])]))
    q_levels = set(map(int, data[2 + int(data[1]):2 + 2 * int(data[1]) + int(data[2 + int(data[1])] if len(data) > 2 + int(data[1]) else 0)]))
    
    all_levels = set(range(1, n + 1))
    
    if p_levels | q_levels == all_levels:
        print(""I become the guy."")
    else:
        print(""Oh, my keyboard!"")

if __name__ == ""__main__"":
    main()
```","```python
def main():
    n = int(input())
    x_levels = set(map(int, input().split()[1:]))
    y_levels = set(map(int, input().split()[1:]))
    
    if len(x_levels | y_levels) == n:
        print(""I become the guy."")
    else:
        print(""Oh, my keyboard!"")

if __name__ == ""__main__"":
    main()
```","{""verdict"": ""OK"", ""passedTestCount"": 29, ""timeConsumedMillis"": 77, ""memoryConsumedBytes"": 0}","{""verdict"": ""WRONG_ANSWER"", ""passedTestCount"": 3, ""timeConsumedMillis"": 62, ""memoryConsumedBytes"": 0}","{""verdict"": ""OK"", ""passedTestCount"": 29, ""timeConsumedMillis"": 77, ""memoryConsumedBytes"": 0}"
https://codeforces.com/problemset/problem/144/A,['implementation'],PROGRAMMING,800,144,A,"Description:


A Ministry for Defense sent a general to inspect the Super Secret Military Squad under the command of the Colonel SuperDuper. Having learned the news, the colonel ordered to all n squad soldiers to line up on the parade ground.
 By the military charter the soldiers should stand in the order of non-increasing of their height. But as there's virtually no time to do that, the soldiers lined up in the arbitrary order. However, the general is rather short-sighted and he thinks that the soldiers lined up correctly if the first soldier in the line has the maximum height and the last soldier has the minimum height. Please note that the way other solders are positioned does not matter, including the case when there are several soldiers whose height is maximum or minimum. Only the heights of the first and the last soldier are important.
 For example, the general considers the sequence of heights (4, 3, 4, 2, 1, 1) correct and the sequence (4, 3, 1, 2, 2) wrong.
 Within one second the colonel can swap any two neighboring soldiers. Help him count the minimum time needed to form a line-up which the general will consider correct.

Input
 The first input line contains the only integer n ( 2 ≤ n ≤ 100 ) which represents the number of soldiers in the line. The second line contains integers a 1 , a 2 , ..., a n ( 1 ≤ a i ≤ 100 ) the values of the soldiers' heights in the order of soldiers' heights' increasing in the order from the beginning of the line to its end. The numbers are space-separated. Numbers a 1 , a 2 , ..., a n are not necessarily different.

Output
 Print the only integer — the minimum number of seconds the colonel will need to form a line-up the general will like.

Examples
Input
4

33 44 11 22
Output
2
Input
7

10 10 58 31 63 40 76
Output
10

Note
 In the first sample the colonel will need to swap the first and second soldier and then the third and fourth soldier. That will take 2 seconds. The resulting position of the soldiers is (44, 33, 22, 11) .
 In the second sample the colonel may swap the soldiers in the following sequence:
 (10, 10, 58, 31, 63, 40, 76) (10, 58, 10, 31, 63, 40, 76) (10, 58, 10, 31, 63, 76, 40) (10, 58, 10, 31, 76, 63, 40) (10, 58, 31, 10, 76, 63, 40) (10, 58, 31, 76, 10, 63, 40) (10, 58, 31, 76, 63, 10, 40) (10, 58, 76, 31, 63, 10, 40) (10, 76, 58, 31, 63, 10, 40) (76, 10, 58, 31, 63, 10, 40) (76, 10, 58, 31, 63, 40, 10)","```python
def min_seconds_to_arrange():
    n = int(input())
    heights = list(map(int, input().split()))
    
    max_height_index = heights.index(max(heights))
    min_height_index_from_end = len(heights) - 1 - heights[::-1].index(min(heights))
    
    total_swaps = max_height_index + (n - 1 - min_height_index_from_end)
    
    if max_height_index > min_height_index_from_end:
        total_swaps -= 1
    
    print(total_swaps)

min_seconds_to_arrange()
```","```python
n = int(input())
heights = list(map(int, input().split()))

max_height_index = heights.index(max(heights))
min_height_index_from_end = n - 1 - heights[::-1].index(min(heights))

swaps = max_height_index + (n - 1 - min_height_index_from_end)

if max_height_index > min_height_index_from_end:
    swaps -= 1

print(swaps)
```","```python
n = int(input())
heights = list(map(int, input().split()))

max_height = max(heights)
min_height = min(heights)

# Find the index of the first occurrence of maximum height from the left
first_max_index = heights.index(max_height)

# Reverse the list to find the index of the first occurrence of minimum height from the right (or last occurrence from the original list)
heights_reversed = heights[::-1]
last_min_index = len(heights) - 1 - heights_reversed.index(min_height)

# Calculate total swaps needed
total_swaps = first_max_index + last_min_index

# If the max and min overlap during the swap process, reduce by one swap
if first_max_index > last_min_index:
    total_swaps -= 1

print(total_swaps)
```","{""verdict"": ""WRONG_ANSWER"", ""passedTestCount"": 0, ""timeConsumedMillis"": 122, ""memoryConsumedBytes"": 0}","{""verdict"": ""OK"", ""passedTestCount"": 39, ""timeConsumedMillis"": 124, ""memoryConsumedBytes"": 0}","{""verdict"": ""OK"", ""passedTestCount"": 39, ""timeConsumedMillis"": 218, ""memoryConsumedBytes"": 0}"
https://codeforces.com/problemset/problem/148/A,"['constructive algorithms', 'implementation', 'math']",PROGRAMMING,800,148,A,"Description:


«One dragon. Two dragon. Three dragon», — the princess was counting. She had trouble falling asleep, and she got bored of counting lambs when she was nine.
 However, just counting dragons was boring as well, so she entertained herself at best she could. Tonight she imagined that all dragons were here to steal her, and she was fighting them off. Every k -th dragon got punched in the face with a frying pan. Every l -th dragon got his tail shut into the balcony door. Every m -th dragon got his paws trampled with sharp heels. Finally, she threatened every n -th dragon to call her mom, and he withdrew in panic.
 How many imaginary dragons suffered moral or physical damage tonight, if the princess counted a total of d dragons?

Input
 Input data contains integer numbers k , l , m , n and d , each number in a separate line ( 1 ≤ k , l , m , n ≤ 10 , 1 ≤ d ≤ 10 5 ).

Output
 Output the number of damaged dragons.

Examples
Input
1

2

3

4

12
Output
12
Input
2

3

4

5

24
Output
17

Note
 In the first case every first dragon got punched with a frying pan. Some of the dragons suffered from other reasons as well, but the pan alone would be enough.
 In the second case dragons 1, 7, 11, 13, 17, 19 and 23 escaped unharmed.","```python
def main():
    k = int(input())
    l = int(input())
    m = int(input())
    n = int(input())
    d = int(input())

    damaged_dragons = set()

    for i in range(1, d + 1):
        if i % k == 0 or i % l == 0 or i % m == 0 or i % n == 0:
            damaged_dragons.add(i)

    print(len(damaged_dragons))

if __name__ == ""__main__"":
    main()
```","```python
def damaged_dragons():
    k = int(input())
    l = int(input())
    m = int(input())
    n = int(input())
    d = int(input())

    damaged_count = set()

    for i in range(1, d + 1):
        if i % k == 0 or i % l == 0 or i % m == 0 or i % n == 0:
            damaged_count.add(i)

    print(len(damaged_count))

damaged_dragons()
```","```python
def damaged_dragons(k, l, m, n, d):
    return sum(any(i % j == 0 for j in [k, l, m, n]) for i in range(1, d + 1))

if __name__ == ""__main__"":
    k = int(input())
    l = int(input())
    m = int(input())
    n = int(input())
    d = int(input())
    print(damaged_dragons(k, l, m, n, d))
```","{""verdict"": ""OK"", ""passedTestCount"": 40, ""timeConsumedMillis"": 280, ""memoryConsumedBytes"": 0}","{""verdict"": ""OK"", ""passedTestCount"": 40, ""timeConsumedMillis"": 186, ""memoryConsumedBytes"": 8908800}","{""verdict"": ""OK"", ""passedTestCount"": 40, ""timeConsumedMillis"": 154, ""memoryConsumedBytes"": 8499200}"
https://codeforces.com/problemset/problem/996/A,"['dp', 'greedy']",PROGRAMMING,800,996,A,"Description:


Allen has a LOT of money. He has  n dollars in the bank. For security reasons, he wants to withdraw it in cash (we will not disclose the reasons here). The denominations for dollar bills are  1 ,  5 ,  10 ,  20 ,  100 . What is the minimum number of bills Allen could receive after withdrawing his entire balance?

Input
 The first and only line of input contains a single integer  n (  1 ≤ n ≤ 10 9 ).

Output
 Output the minimum number of bills that Allen could receive.

Examples
Input
125
Output
3
Input
43
Output
5
Input
1000000000
Output
10000000

Note
 In the first sample case, Allen can withdraw this with a  100 dollar bill, a  20 dollar bill, and a  5 dollar bill. There is no way for Allen to receive  125 dollars in one or two bills.
 In the second sample case, Allen can withdraw two  20 dollar bills and three  1 dollar bills.
 In the third sample case, Allen can withdraw  100000000 (ten million!)  100 dollar bills.","```python
def minimum_bills(n):
    count = 0
    for bill in [100, 20, 10, 5, 1]:
        count += n // bill
        n %= bill
    return count

n = int(input())
print(minimum_bills(n))
```","```python
n = int(input())
print(n // 100 + n % 100 // 20 + n % 20 // 10 + n % 10 // 5 + n % 5)
```","```python
n = int(input())
count = 0

for bill in [100, 20, 10, 5, 1]:
    count += n // bill
    n %= bill

print(count)
```","{""verdict"": ""OK"", ""passedTestCount"": 49, ""timeConsumedMillis"": 78, ""memoryConsumedBytes"": 0}","{""verdict"": ""OK"", ""passedTestCount"": 49, ""timeConsumedMillis"": 78, ""memoryConsumedBytes"": 0}","{""verdict"": ""OK"", ""passedTestCount"": 49, ""timeConsumedMillis"": 77, ""memoryConsumedBytes"": 0}"
https://codeforces.com/problemset/problem/443/A,"['constructive algorithms', 'implementation']",PROGRAMMING,800,443,A,"Description:


Recently, Anton has found a set. The set consists of small English letters. Anton carefully wrote out all the letters from the set in one line, separated by a comma. He also added an opening curved bracket at the beginning of the line and a closing curved bracket at the end of the line.
 Unfortunately, from time to time Anton would forget writing some letter and write it again. He asks you to count the total number of distinct letters in his set.

Input
 The first and the single line contains the set of letters. The length of the line doesn't exceed 1000. It is guaranteed that the line starts from an opening curved bracket and ends with a closing curved bracket. Between them, small English letters are listed, separated by a comma. Each comma is followed by a space.

Output
 Print a single number — the number of distinct letters in Anton's set.

Examples
Input
{a, b, c}
Output
3
Input
{b, a, b, a}
Output
2
Input
{}
Output
0","```python
import sys

data = input().strip()[1:-1]
if data == '':
    print(0)
else:
    letters = data.split(', ')
    print(len(set(letters)))
```","```python
import sys

data = input().strip()[1:-1].split(', ')
distinct_letters = set()
for letter in data:
    if letter:  # to handle the empty string case '{}'
        distinct_letters.add(letter)

print(len(distinct_letters))
```","```python
print(len(set(input().strip()[1:-1].split("", ""))))
```","{""verdict"": ""WRONG_ANSWER"", ""passedTestCount"": 2, ""timeConsumedMillis"": 61, ""memoryConsumedBytes"": 0}","{""verdict"": ""OK"", ""passedTestCount"": 27, ""timeConsumedMillis"": 77, ""memoryConsumedBytes"": 0}","{""verdict"": ""OK"", ""passedTestCount"": 27, ""timeConsumedMillis"": 78, ""memoryConsumedBytes"": 0}"
https://codeforces.com/problemset/problem/785/A,"['implementation', 'strings']",PROGRAMMING,800,785,A,"Description:


Anton's favourite geometric figures are regular polyhedrons. Note that there are five kinds of regular polyhedrons:
 Tetrahedron . Tetrahedron has 4 triangular faces. Cube . Cube has 6 square faces. Octahedron . Octahedron has 8 triangular faces. Dodecahedron . Dodecahedron has 12 pentagonal faces. Icosahedron . Icosahedron has 20 triangular faces.
 All five kinds of polyhedrons are shown on the picture below:
 
 Anton has a collection of n polyhedrons. One day he decided to know, how many faces his polyhedrons have in total. Help Anton and find this number!

Input
 The first line of the input contains a single integer n  (1 ≤ n ≤ 200 000) — the number of polyhedrons in Anton's collection.
 Each of the following n lines of the input contains a string s i — the name of the i -th polyhedron in Anton's collection. The string can look like this:
 "" Tetrahedron "" (without quotes), if the i -th polyhedron in Anton's collection is a tetrahedron. "" Cube "" (without quotes), if the i -th polyhedron in Anton's collection is a cube. "" Octahedron "" (without quotes), if the i -th polyhedron in Anton's collection is an octahedron. "" Dodecahedron "" (without quotes), if the i -th polyhedron in Anton's collection is a dodecahedron. "" Icosahedron "" (without quotes), if the i -th polyhedron in Anton's collection is an icosahedron.

Output
 Output one number — the total number of faces in all the polyhedrons in Anton's collection.

Examples
Input
4

Icosahedron

Cube

Tetrahedron

Dodecahedron
Output
42
Input
3

Dodecahedron

Octahedron

Octahedron
Output
28

Note
 In the first sample Anton has one icosahedron, one cube, one tetrahedron and one dodecahedron. Icosahedron has 20 faces, cube has 6 faces, tetrahedron has 4 faces and dodecahedron has 12 faces. In total, they have 20 + 6 + 4 + 12 = 42 faces.","```python
n = int(input())
faces = {'Tetrahedron': 4, 'Cube': 6, 'Octahedron': 8, 'Dodecahedron': 12, 'Icosahedron': 20}
total_faces = sum(faces[input().strip()] for _ in range(n))
print(total_faces)
```","```python
n = int(input())
faces_count = {'Tetrahedron': 4, 'Cube': 6, 'Octahedron': 8, 'Dodecahedron': 12, 'Icosahedron': 20}
total_faces = sum(faces_count[input().strip()] for _ in range(n))
print(total_faces)
```","```python
def main():
    polyhedron_faces = {
        ""Tetrahedron"": 4,
        ""Cube"": 6,
        ""Octahedron"": 8,
        ""Dodecahedron"": 12,
        ""Icosahedron"": 20
    }
    
    n = int(input())
    total_faces = sum(polyhedron_faces[input().strip()] for _ in range(n))
    print(total_faces)

main()
```","{""verdict"": ""OK"", ""passedTestCount"": 30, ""timeConsumedMillis"": 234, ""memoryConsumedBytes"": 0}","{""verdict"": ""OK"", ""passedTestCount"": 30, ""timeConsumedMillis"": 264, ""memoryConsumedBytes"": 0}","{""verdict"": ""OK"", ""passedTestCount"": 30, ""timeConsumedMillis"": 234, ""memoryConsumedBytes"": 0}"
https://codeforces.com/problemset/problem/268/A,['brute force'],PROGRAMMING,800,268,A,"Description:


Manao works on a sports TV. He's spent much time watching the football games of some country. After a while he began to notice different patterns. For example, each team has two sets of uniforms: home uniform and guest uniform. When a team plays a game at home, the players put on the home uniform. When a team plays as a guest on somebody else's stadium, the players put on the guest uniform. The only exception to that rule is: when the home uniform color of the host team matches the guests' uniform, the host team puts on its guest uniform as well. For each team the color of the home and guest uniform is different.
 There are n teams taking part in the national championship. The championship consists of n ·( n - 1) games: each team invites each other team to its stadium. At this point Manao wondered: how many times during the championship is a host team going to put on the guest uniform? Note that the order of the games does not affect this number.
 You know the colors of the home and guest uniform for each team. For simplicity, the colors are numbered by integers in such a way that no two distinct colors have the same number. Help Manao find the answer to his question.

Input
 The first line contains an integer n ( 2 ≤ n ≤ 30 ). Each of the following n lines contains a pair of distinct space-separated integers h i , a i ( 1 ≤ h i , a i ≤ 100 ) — the colors of the i -th team's home and guest uniforms, respectively.

Output
 In a single line print the number of games where the host team is going to play in the guest uniform.

Examples
Input
3

1 2

2 4

3 4
Output
1
Input
4

100 42

42 100

5 42

100 5
Output
5
Input
2

1 2

1 2
Output
0

Note
 In the first test case the championship consists of 6 games. The only game with the event in question is the game between teams 2 and 1 on the stadium of team 2.
 In the second test sample the host team will have to wear guest uniform in the games between teams: 1 and 2, 2 and 1, 2 and 3, 3 and 4, 4 and 2 (the host team is written first).","```python
def main():
    n = int(input())
    uniforms = [tuple(map(int, input().split())) for _ in range(n)]
    home_colors = [team[0] for team in uniforms]
    guest_colors = [team[1] for team in uniforms]
    count = sum(home_colors.count(guest_color) for guest_color in guest_colors)
    print(count)

if __name__ == ""__main__"":
    main()
```","```python
n = int(input())
home_colors = []
guest_colors = []

for _ in range(n):
    h, a = map(int, input().split())
    home_colors.append(h)
    guest_colors.append(a)

count = 0

for home_color in home_colors:
    count += guest_colors.count(home_color)

print(count)
```","```python
n = int(input())
home_colors = []
guest_colors = []

for _ in range(n):
    h_i, a_i = map(int, input().split())
    home_colors.append(h_i)
    guest_colors.append(a_i)

count = 0

for host_home in home_colors:
    for guest_guest in guest_colors:
        if host_home == guest_guest:
            count += 1

print(count)
```","{""verdict"": ""OK"", ""passedTestCount"": 31, ""timeConsumedMillis"": 154, ""memoryConsumedBytes"": 0}","{""verdict"": ""OK"", ""passedTestCount"": 31, ""timeConsumedMillis"": 154, ""memoryConsumedBytes"": 0}","{""verdict"": ""OK"", ""passedTestCount"": 31, ""timeConsumedMillis"": 184, ""memoryConsumedBytes"": 0}"
https://codeforces.com/problemset/problem/1335/A,['math'],PROGRAMMING,800,1335,A,"Description:


There are two sisters Alice and Betty. You have  n candies. You want to distribute these  n candies between two sisters in such a way that:
 Alice will get  a (  a > 0 ) candies; Betty will get  b (  b > 0 ) candies; each sister will get some integer number of candies; Alice will get a greater amount of candies than Betty (i.e.  a > b ); all the candies will be given to one of two sisters (i.e.  a + b = n ).
 Your task is to calculate the number of ways to distribute exactly  n candies between sisters in a way described above. Candies are indistinguishable.
 Formally, find the number of ways to represent  n as the sum of  n = a + b , where  a and  b are positive integers and  a > b .
 You have to answer  t independent test cases.

Input
 The first line of the input contains one integer  t (  1 ≤ t ≤ 10 4 ) — the number of test cases. Then  t test cases follow.
 The only line of a test case contains one integer  n (  1 ≤ n ≤ 2 ⋅ 10 9 ) — the number of candies you have.

Output
 For each test case, print the answer — the number of ways to distribute exactly  n candies between two sisters in a way described in the problem statement. If there is no way to satisfy all the conditions, print  0 .

Example
Input
6
7
1
2
3
2000000000
763243547
Output
3
0
0
1
999999999
381621773

Note
 For the test case of the example, the  3 possible ways to distribute candies are:
 a = 6 ,  b = 1 ; a = 5 ,  b = 2 ; a = 4 ,  b = 3 .","```python
def solve():
    t = int(input())
    for _ in range(t):
        n = int(input())
        if n <= 2:
            print(0)
        else:
            print((n - 1) // 2)

if __name__ == ""__main__"":
    solve()
```","```python
def solve():
    t = int(input())
    for _ in range(t):
        n = int(input())
        if n <= 2:
            print(0)
        else:
            print((n - 1) // 2)

if __name__ == ""__main__"":
    solve()
```","```python
import sys

def solve_candy_distribution():
    input = sys.stdin.read
    data = input().split()
    
    t = int(data[0])
    results = []
    index = 1
    
    for _ in range(t):
        n = int(data[index])
        if n <= 2:
            results.append(0)
        else:
            results.append((n - 1) // 2)
        index += 1
    
    sys.stdout.write(""\n"".join(map(str, results)) + ""\n"")

solve_candy_distribution()
```","{""verdict"": ""OK"", ""passedTestCount"": 24, ""timeConsumedMillis"": 108, ""memoryConsumedBytes"": 1024000}","{""verdict"": ""OK"", ""passedTestCount"": 24, ""timeConsumedMillis"": 108, ""memoryConsumedBytes"": 1024000}","{""verdict"": ""OK"", ""passedTestCount"": 24, ""timeConsumedMillis"": 108, ""memoryConsumedBytes"": 0}"
https://codeforces.com/problemset/problem/510/A,['implementation'],PROGRAMMING,800,510,A,"Description:


Fox Ciel starts to learn programming. The first task is drawing a fox! However, that turns out to be too hard for a beginner, so she decides to draw a snake instead.
 A snake is a pattern on a n by m table. Denote c -th cell of r -th row as ( r , c ) . The tail of the snake is located at (1, 1) , then it's body extends to (1, m ) , then goes down 2 rows to (3, m ) , then goes left to (3, 1) and so on.
 Your task is to draw this snake for Fox Ciel: the empty cells should be represented as dot characters (' . ') and the snake cells should be filled with number signs (' # ').
 Consider sample tests in order to understand the snake pattern.

Input
 The only line contains two integers: n and m ( 3 ≤ n , m ≤ 50 ).
 n is an odd number.

Output
 Output n lines. Each line should contain a string consisting of m characters. Do not output spaces.

Examples
Input
3 3
Output
###

..#

###
Input
3 4
Output
####

...#

####
Input
5 3
Output
###

..#

###

#..

###
Input
9 9
Output
#########

........#

#########

#........

#########

........#

#########

#........

#########","```python
def draw_snake(n, m):
    for r in range(1, n + 1):
        if r % 2 == 1:
            print('#' * m)
        elif (r // 2) % 2 == 1:
            print('.' * (m - 1) + '#')
        else:
            print('#' + '.' * (m - 1))

n, m = map(int, input().split())
draw_snake(n, m)
```","```python
def draw_snake(n, m):
    for i in range(n):
        if i % 2 == 0:
            print(""#"" * m)
        else:
            if (i // 2) % 2 == 1:
                print(""."" * (m - 1) + ""#"")
            else:
                print(""#"" + ""."" * (m - 1))

n, m = map(int, input().split())
draw_snake(n, m)
```","```python
def draw_snake(n, m):
    for i in range(n):
        if i % 2 == 0:
            print('#' * m)
        else:
            if (i // 2) % 2 == 0:
                print('.' * (m - 1) + '#')
            else:
                print('#' + '.' * (m - 1))

n, m = map(int, input().split())
draw_snake(n, m)
```","{""verdict"": ""OK"", ""passedTestCount"": 28, ""timeConsumedMillis"": 77, ""memoryConsumedBytes"": 0}","{""verdict"": ""WRONG_ANSWER"", ""passedTestCount"": 0, ""timeConsumedMillis"": 31, ""memoryConsumedBytes"": 0}","{""verdict"": ""OK"", ""passedTestCount"": 28, ""timeConsumedMillis"": 93, ""memoryConsumedBytes"": 0}"
https://codeforces.com/problemset/problem/141/A,"['implementation', 'sortings', 'strings']",PROGRAMMING,800,141,A,"Description:


So, the New Year holidays are over. Santa Claus and his colleagues can take a rest and have guests at last. When two ""New Year and Christmas Men"" meet, thear assistants cut out of cardboard the letters from the guest's name and the host's name in honor of this event. Then the hung the letters above the main entrance. One night, when everyone went to bed, someone took all the letters of our characters' names. Then he may have shuffled the letters and put them in one pile in front of the door.
 The next morning it was impossible to find the culprit who had made the disorder. But everybody wondered whether it is possible to restore the names of the host and his guests from the letters lying at the door? That is, we need to verify that there are no extra letters, and that nobody will need to cut more letters.
 Help the ""New Year and Christmas Men"" and their friends to cope with this problem. You are given both inscriptions that hung over the front door the previous night, and a pile of letters that were found at the front door next morning.

Input
 The input file consists of three lines: the first line contains the guest's name, the second line contains the name of the residence host and the third line contains letters in a pile that were found at the door in the morning. All lines are not empty and contain only uppercase Latin letters. The length of each line does not exceed 100 .

Output
 Print "" YES "" without the quotes, if the letters in the pile could be permuted to make the names of the ""New Year and Christmas Men"". Otherwise, print "" NO "" without the quotes.

Examples
Input
SANTACLAUS

DEDMOROZ

SANTAMOROZDEDCLAUS
Output
YES
Input
PAPAINOEL

JOULUPUKKI

JOULNAPAOILELUPUKKI
Output
NO
Input
BABBONATALE

FATHERCHRISTMAS

BABCHRISTMASBONATALLEFATHER
Output
NO

Note
 In the first sample the letters written in the last line can be used to write the names and there won't be any extra letters left.
 In the second sample letter "" P "" is missing from the pile and there's an extra letter "" L "".
 In the third sample there's an extra letter "" L "".","```python
from sys import stdin, stdout

def can_form_names():
    guest_name = stdin.readline().strip()
    host_name = stdin.readline().strip()
    letters_pile = stdin.readline().strip()

    combined_names = guest_name + host_name
    if sorted(combined_names) == sorted(letters_pile):
        stdout.write(""YES\n"")
    else:
        stdout.write(""NO\n"")

can_form_names()
```","```python
from sys import stdin, stdout

def check_permutation():
    guest_name = stdin.readline().strip()
    host_name = stdin.readline().strip()
    letters_pile = stdin.readline().strip()
    
    combined_names = guest_name + host_name
    if sorted(combined_names) == sorted(letters_pile):
        print(""YES"")
    else:
        print(""NO"")

check_permutation()
```","```python
from sys import stdin, stdout

def main():
    guest = stdin.readline().strip()
    host = stdin.readline().strip()
    pile = stdin.readline().strip()

    combined_names = guest + host
    if sorted(combined_names) == sorted(pile):
        stdout.write(""YES\n"")
    else:
        stdout.write(""NO\n"")

if __name__ == ""__main__"":
    main()
```","{""verdict"": ""OK"", ""passedTestCount"": 54, ""timeConsumedMillis"": 154, ""memoryConsumedBytes"": 0}","{""verdict"": ""OK"", ""passedTestCount"": 54, ""timeConsumedMillis"": 154, ""memoryConsumedBytes"": 0}","{""verdict"": ""OK"", ""passedTestCount"": 54, ""timeConsumedMillis"": 186, ""memoryConsumedBytes"": 0}"
https://codeforces.com/problemset/problem/1352/A,"['implementation', 'math']",PROGRAMMING,800,1352,A,"Description:


A positive (strictly greater than zero) integer is called round if it is of the form d00...0 . In other words, a positive integer is round if all its digits except the leftmost (most significant) are equal to zero. In particular, all numbers from  1 to  9 (inclusive) are round.
 For example, the following numbers are round:  4000 ,  1 ,  9 ,  800 ,  90 . The following numbers are not round:  110 ,  707 ,  222 ,  1001 .
 You are given a positive integer  n (  1 ≤ n ≤ 10 4 ). Represent the number  n as a sum of round numbers using the minimum number of summands (addends). In other words, you need to represent the given number  n as a sum of the least number of terms, each of which is a round number.

Input
 The first line contains an integer  t (  1 ≤ t ≤ 10 4 ) — the number of test cases in the input. Then  t test cases follow.
 Each test case is a line containing an integer  n (  1 ≤ n ≤ 10 4 ).

Output
 Print  t answers to the test cases. Each answer must begin with an integer  k — the minimum number of summands. Next,  k terms must follow, each of which is a round number, and their sum is  n . The terms can be printed in any order. If there are several answers, print any of them.

Example
Input
5
5009
7
9876
10000
10
Output
2
5000 9
1
7 
4
800 70 6 9000 
1
10000 
1
10","```python
def main():
    import sys
    input = sys.stdin.read
    data = input().split()
    
    t = int(data[0])
    results = []
    
    for i in range(1, t + 1):
        n = str(data[i])
        round_numbers = [n[j] + '0' * (len(n) - j - 1) for j in range(len(n)) if n[j] != '0']
        k = len(round_numbers)
        results.append(f""{k} {' '.join(round_numbers)}"")
    
    sys.stdout.write('\n'.join(results) + '\n')

if __name__ == ""__main__"":
    main()
```","```python
for _ in range(int(input())):
    n = input()
    round_numbers = [n[i] + '0' * (len(n) - i - 1) for i in range(len(n)) if n[i] != '0']
    print(len(round_numbers))
    print(*round_numbers)
```","```python
def process_test_cases(t, test_cases):
    results = []
    for n in test_cases:
        round_numbers = [int(digit + '0' * i) for i, digit in enumerate(str(n)[::-1]) if digit != '0'][::-1]
        results.append((len(round_numbers), round_numbers))
    return results

if __name__ == ""__main__"":
    t = int(input().strip())
    test_cases = [int(input().strip()) for _ in range(t)]
    results = process_test_cases(t, test_cases)
    
    for k, numbers in results:
        print(k)
        print(' '.join(map(str, numbers)))
```","{""verdict"": ""OK"", ""passedTestCount"": 7, ""timeConsumedMillis"": 124, ""memoryConsumedBytes"": 2355200}","{""verdict"": ""OK"", ""passedTestCount"": 7, ""timeConsumedMillis"": 156, ""memoryConsumedBytes"": 0}","{""verdict"": ""OK"", ""passedTestCount"": 7, ""timeConsumedMillis"": 93, ""memoryConsumedBytes"": 1126400}"
https://codeforces.com/problemset/problem/723/A,"['implementation', 'math', 'sortings']",PROGRAMMING,800,723,A,"Description:


There are three friend living on the straight line Ox in Lineland. The first friend lives at the point x 1 , the second friend lives at the point x 2 , and the third friend lives at the point x 3 . They plan to celebrate the New Year together, so they need to meet at one point. What is the minimum total distance they have to travel in order to meet at some point and celebrate the New Year?
 It's guaranteed that the optimal answer is always integer.

Input
 The first line of the input contains three distinct integers x 1 , x 2 and x 3 ( 1 ≤ x 1 , x 2 , x 3 ≤ 100 ) — the coordinates of the houses of the first, the second and the third friends respectively.

Output
 Print one integer — the minimum total distance the friends need to travel in order to meet together.

Examples
Input
7 1 4
Output
6
Input
30 20 10
Output
20

Note
 In the first sample, friends should meet at the point 4 . Thus, the first friend has to travel the distance of 3 (from the point 7 to the point 4 ), the second friend also has to travel the distance of 3 (from the point 1 to the point 4 ), while the third friend should not go anywhere because he lives at the point 4 .","```python
def minimum_total_distance():
    x = list(map(int, input().split()))
    print(max(x) - min(x))

minimum_total_distance()
```","```python
x = sorted(map(int, input().split()))
print((x[2] - x[0]) + (x[1] - x[0]))
```","```python
def min_total_distance():
    coords = list(map(int, input().split()))
    return max(coords) - min(coords)

print(min_total_distance())
```","{""verdict"": ""OK"", ""passedTestCount"": 48, ""timeConsumedMillis"": 77, ""memoryConsumedBytes"": 0}","{""verdict"": ""WRONG_ANSWER"", ""passedTestCount"": 0, ""timeConsumedMillis"": 46, ""memoryConsumedBytes"": 0}","{""verdict"": ""OK"", ""passedTestCount"": 48, ""timeConsumedMillis"": 77, ""memoryConsumedBytes"": 0}"
https://codeforces.com/problemset/problem/427/A,['implementation'],PROGRAMMING,800,427,A,"Description:


The police department of your city has just started its journey. Initially, they don’t have any manpower. So, they started hiring new recruits in groups.
 Meanwhile, crimes keeps occurring within the city. One member of the police force can investigate only one crime during his/her lifetime.
 If there is no police officer free (isn't busy with crime) during the occurrence of a crime, it will go untreated.
 Given the chronological order of crime occurrences and recruit hirings, find the number of crimes which will go untreated.

Input
 The first line of input will contain an integer n (1 ≤ n ≤ 10 5 ) , the number of events. The next line will contain n space-separated integers.
 If the integer is -1 then it means a crime has occurred. Otherwise, the integer will be positive, the number of officers recruited together at that time. No more than 10 officers will be recruited at a time.

Output
 Print a single integer, the number of crimes which will go untreated.

Examples
Input
3

-1 -1 1
Output
2
Input
8

1 -1 1 -1 -1 1 1 1
Output
1
Input
11

-1 -1 2 -1 -1 -1 -1 -1 -1 -1 -1
Output
8

Note
 Lets consider the second example:
 Firstly one person is hired. Then crime appears, the last hired person will investigate this crime. One more person is hired. One more crime appears, the last hired person will investigate this crime. Crime appears. There is no free policeman at the time, so this crime will go untreated. One more person is hired. One more person is hired. One more person is hired.
 The answer is one, as one crime (on step 5) will go untreated.","```python
import sys

def main():
    n = int(input().strip())
    events = list(map(int, input().strip().split()))
    
    police_available = 0
    untreated_crimes = 0
    
    for event in events:
        if event == -1:
            if police_available > 0:
                police_available -= 1
            else:
                untreated_crimes += 1
        else:
            police_available += event
            
    print(untreated_crimes)

if __name__ == ""__main__"":
    main()
```","```python
n = int(input())
events = list(map(int, input().split()))

untreated_crimes = 0
police_officers = 0

for event in events:
    if event == -1:
        if police_officers > 0:
            police_officers -= 1
        else:
            untreated_crimes += 1
    else:
        police_officers += event

print(untreated_crimes)
```","```python
def main():
    import sys
    input = sys.stdin.read
    data = input().split()
    
    n = int(data[0])
    events = list(map(int, data[1:]))
    
    untreated_crimes = 0
    police_officers = 0
    
    for event in events:
        if event == -1:
            if police_officers > 0:
                police_officers -= 1
            else:
                untreated_crimes += 1
        else:
            police_officers += event
    
    print(untreated_crimes)

if __name__ == ""__main__"":
    main()
```","{""verdict"": ""OK"", ""passedTestCount"": 63, ""timeConsumedMillis"": 93, ""memoryConsumedBytes"": 8601600}","{""verdict"": ""OK"", ""passedTestCount"": 63, ""timeConsumedMillis"": 93, ""memoryConsumedBytes"": 9728000}","{""verdict"": ""OK"", ""passedTestCount"": 63, ""timeConsumedMillis"": 124, ""memoryConsumedBytes"": 9113600}"
https://codeforces.com/problemset/problem/750/A,"['binary search', 'brute force', 'implementation', 'math']",PROGRAMMING,800,750,A,"Description:


Limak is going to participate in a contest on the last day of the 2016. The contest will start at 20:00 and will last four hours, exactly until midnight. There will be n problems, sorted by difficulty, i.e. problem 1 is the easiest and problem n is the hardest. Limak knows it will take him 5· i minutes to solve the i -th problem.
 Limak's friends organize a New Year's Eve party and Limak wants to be there at midnight or earlier. He needs k minutes to get there from his house, where he will participate in the contest first.
 How many problems can Limak solve if he wants to make it to the party?

Input
 The only line of the input contains two integers n and k ( 1 ≤ n ≤ 10 , 1 ≤ k ≤ 240 ) — the number of the problems in the contest and the number of minutes Limak needs to get to the party from his house.

Output
 Print one integer, denoting the maximum possible number of problems Limak can solve so that he could get to the party at midnight or earlier.

Examples
Input
3 222
Output
2
Input
4 190
Output
4
Input
7 1
Output
7

Note
 In the first sample, there are 3 problems and Limak needs 222 minutes to get to the party. The three problems require 5 , 10 and 15 minutes respectively. Limak can spend 5 + 10 = 15 minutes to solve first two problems. Then, at 20:15 he can leave his house to get to the party at 23:57 (after 222 minutes). In this scenario Limak would solve 2 problems. He doesn't have enough time to solve 3 problems so the answer is 2 .
 In the second sample, Limak can solve all 4 problems in 5 + 10 + 15 + 20 = 50 minutes. At 20:50 he will leave the house and go to the party. He will get there exactly at midnight.
 In the third sample, Limak needs only 1 minute to get to the party. He has enough time to solve all 7 problems.","```python
def max_problems_solved():
    n, k = map(int, input().split())
    total_time_available = 240 - k
    
    def can_solve(m):
        return sum(5 * i for i in range(1, m + 1)) <= total_time_available

    low, high = 0, n
    while low < high:
        mid = (low + high + 1) // 2
        if can_solve(mid):
            low = mid
        else:
            high = mid - 1
    
    print(low)

max_problems_solved()
```","```python
def main():
    import sys
    input = sys.stdin.read
    n, k = map(int, input().strip().split())
    
    max_time = 240 - k
    solved_problems = 0
    
    for i in range(1, n + 1):
        time_needed = 5 * i
        if solved_problems + time_needed > max_time:
            break
        solved_problems += time_needed
    
    print(solved_problems // 5)

if __name__ == ""__main__"":
    main()
```","```python
def max_problems():
    n, k = map(int, input().split())
    total_time_available = 240 - k
    time_spent = 0
    for i in range(1, n + 1):
        time_required = 5 * i
        if time_spent + time_required > total_time_available:
            print(i - 1)
            return
        time_spent += time_required
    print(n)

max_problems()
```","{""verdict"": ""OK"", ""passedTestCount"": 52, ""timeConsumedMillis"": 77, ""memoryConsumedBytes"": 0}","{""verdict"": ""WRONG_ANSWER"", ""passedTestCount"": 0, ""timeConsumedMillis"": 46, ""memoryConsumedBytes"": 0}","{""verdict"": ""OK"", ""passedTestCount"": 52, ""timeConsumedMillis"": 78, ""memoryConsumedBytes"": 0}"
https://codeforces.com/problemset/problem/155/A,['brute force'],PROGRAMMING,800,155,A,"Description:


Vasya adores sport programming. He can't write programs but he loves to watch the contests' progress. Vasya even has a favorite coder and Vasya pays special attention to him.
 One day Vasya decided to collect the results of all contests where his favorite coder participated and track the progress of his coolness. For each contest where this coder participated, he wrote out a single non-negative number — the number of points his favorite coder earned in the contest. Vasya wrote out the points for the contest in the order, in which the contests run (naturally, no two contests ran simultaneously).
 Vasya considers a coder's performance in a contest amazing in two situations: he can break either his best or his worst performance record. First, it is amazing if during the contest the coder earns strictly more points that he earned on each past contest. Second, it is amazing if during the contest the coder earns strictly less points that he earned on each past contest. A coder's first contest isn't considered amazing. Now he wants to count the number of amazing performances the coder had throughout his whole history of participating in contests. But the list of earned points turned out long and Vasya can't code... That's why he asks you to help him.

Input
 The first line contains the single integer n ( 1 ≤ n ≤ 1000 ) — the number of contests where the coder participated.
 The next line contains n space-separated non-negative integer numbers — they are the points which the coder has earned. The points are given in the chronological order. All points do not exceed 10000 .

Output
 Print the single number — the number of amazing performances the coder has had during his whole history of participating in the contests.

Examples
Input
5

100 50 200 150 200
Output
2
Input
10

4664 6496 5814 7010 5762 5736 6944 4850 3698 7242
Output
4

Note
 In the first sample the performances number 2 and 3 are amazing.
 In the second sample the performances number 2, 4, 9 and 10 are amazing.","```python
def main():
    import sys
    input = sys.stdin.read
    data = input().split()
    
    n = int(data[0])
    scores = list(map(int, data[1:]))
    
    if n == 0:
        print(0)
        return
    
    amazing_count = 0
    min_score = max_score = scores[0]
    
    for score in scores[1:]:
        if score > max_score:
            amazing_count += 1
            max_score = score
        elif score < min_score:
            amazing_count += 1
            min_score = score
    
    print(amazing_count)

if __name__ == ""__main__"":
    main()
```","```python
def main():
    n = int(input())
    points = list(map(int, input().split()))
    
    if n == 1:
        print(0)
        return
    
    best = worst = points[:2]
    amazing_count = 0
    
    for p in points[2:]:
        if p > max(best):
            amazing_count += 1
            best.append(p)
        elif p < min(worst):
            amazing_count += 1
            worst.append(p)

    print(amazing_count)

if __name__ == ""__main__"":
    main()
```","```python
n = int(input())
points = list(map(int, input().split()))

if n == 1:
    print(0)
else:
    best = [points[0]]
    worst = [points[0]]
    amazing_count = 0
    
    for i in range(1, n):
        if points[i] > max(best) or points[i] < min(worst):
            amazing_count += 1
        best.append(points[i])
        worst.append(points[i])

    print(amazing_count)
```","{""verdict"": ""OK"", ""passedTestCount"": 37, ""timeConsumedMillis"": 186, ""memoryConsumedBytes"": 0}","{""verdict"": ""WRONG_ANSWER"", ""passedTestCount"": 0, ""timeConsumedMillis"": 124, ""memoryConsumedBytes"": 0}","{""verdict"": ""OK"", ""passedTestCount"": 37, ""timeConsumedMillis"": 216, ""memoryConsumedBytes"": 0}"
https://codeforces.com/problemset/problem/1742/A,['implementation'],PROGRAMMING,800,1742,A,"Description:


You are given three integers  a ,  b , and  c . Determine if one of them is the sum of the other two.

Input
 The first line contains a single integer  t (  1 ≤ t ≤ 9261 ) — the number of test cases.
 The description of each test case consists of three integers  a ,  b ,  c (  0 ≤ a , b , c ≤ 20 ).

Output
 For each test case, output "" YES "" if one of the numbers is the sum of the other two, and "" NO "" otherwise.
 You can output the answer in any case (for example, the strings "" yEs "", "" yes "", "" Yes "" and "" YES "" will be recognized as a positive answer).

Example
Input
7
1 4 3
2 5 8
9 11 20
0 0 0
20 20 20
4 12 3
15 7 8
Output
YES
NO
YES
YES
NO
NO
YES

Note
 In the first test case,  1 + 3 = 4 .
 In the second test case, none of the numbers is the sum of the other two.
 In the third test case,  9 + 11 = 20 .","```python
def check_sum(a, b, c):
    if a == b + c or b == a + c or c == a + b:
        return ""YES""
    else:
        return ""NO""

t = int(input())
for _ in range(t):
    a, b, c = map(int, input().split())
    print(check_sum(a, b, c))
```","```python
def main():
    import sys
    input = sys.stdin.read
    data = input().split()
    
    t = int(data[0])
    index = 1
    
    results = []
    for _ in range(t):
        a, b, c = map(int, data[index:index+3])
        index += 3
        if (a + b == c) or (a + c == b) or (b + c == a):
            results.append(""YES"")
        else:
            results.append(""NO"")
    
    for result in results:
        print(result)

if __name__ == ""__main__"":
    main()
```","```python
def main():
    t = int(input())
    for _ in range(t):
        a, b, c = map(int, input().split())
        if (a == b + c) or (b == a + c) or (c == a + b):
            print(""YES"")
        else:
            print(""NO"")

if __name__ == ""__main__"":
    main()
```","{""verdict"": ""OK"", ""passedTestCount"": 9, ""timeConsumedMillis"": 93, ""memoryConsumedBytes"": 0}","{""verdict"": ""OK"", ""passedTestCount"": 9, ""timeConsumedMillis"": 92, ""memoryConsumedBytes"": 512000}","{""verdict"": ""OK"", ""passedTestCount"": 9, ""timeConsumedMillis"": 108, ""memoryConsumedBytes"": 0}"
https://codeforces.com/problemset/problem/151/A,"['implementation', 'math']",PROGRAMMING,800,151,A,"Description:


This winter is so cold in Nvodsk! A group of n friends decided to buy k bottles of a soft drink called ""Take-It-Light"" to warm up a bit. Each bottle has l milliliters of the drink. Also they bought c limes and cut each of them into d slices. After that they found p grams of salt.
 To make a toast, each friend needs nl milliliters of the drink, a slice of lime and np grams of salt. The friends want to make as many toasts as they can, provided they all drink the same amount. How many toasts can each friend make?

Input
 The first and only line contains positive integers n , k , l , c , d , p , nl , np , not exceeding 1000 and no less than 1 . The numbers are separated by exactly one space.

Output
 Print a single integer — the number of toasts each friend can make.

Examples
Input
3 4 5 10 8 100 3 1
Output
2
Input
5 100 10 1 19 90 4 3
Output
3
Input
10 1000 1000 25 23 1 50 1
Output
0

Note
 A comment to the first sample:
 Overall the friends have 4 * 5 = 20 milliliters of the drink, it is enough to make 20 / 3 = 6 toasts. The limes are enough for 10 * 8 = 80 toasts and the salt is enough for 100 / 1 = 100 toasts. However, there are 3 friends in the group, so the answer is min (6, 80, 100) / 3 = 2 .","```python
n, k, l, c, d, p, nl, np = map(int, input().split())
toasts = min(k * l // nl, c * d, p // np)
print(toasts // n)
```","```python
n, k, l, c, d, p, nl, np = map(int, input().split())
print(min(k*l//nl, c*d, p//np)//n)
```","```python
def main():
    n, k, l, c, d, p, nl, np = map(int, input().split())
    total_drink = (k * l) // nl
    total_slices = c * d
    total_salt = p // np
    toasts_per_friend = min(total_drink, total_slices, total_salt) // n
    print(toasts_per_friend)

if __name__ == ""__main__"":
    main()
```","{""verdict"": ""OK"", ""passedTestCount"": 27, ""timeConsumedMillis"": 156, ""memoryConsumedBytes"": 0}","{""verdict"": ""OK"", ""passedTestCount"": 27, ""timeConsumedMillis"": 154, ""memoryConsumedBytes"": 0}","{""verdict"": ""OK"", ""passedTestCount"": 27, ""timeConsumedMillis"": 124, ""memoryConsumedBytes"": 0}"
https://codeforces.com/problemset/problem/732/A,"['brute force', 'constructive algorithms', 'implementation', 'math']",PROGRAMMING,800,732,A,"Description:


Polycarp urgently needs a shovel! He comes to the shop and chooses an appropriate one. The shovel that Policarp chooses is sold for k burles. Assume that there is an unlimited number of such shovels in the shop.
 In his pocket Polycarp has an unlimited number of ""10-burle coins"" and exactly one coin of r burles ( 1 ≤ r ≤ 9 ).
 What is the minimum number of shovels Polycarp has to buy so that he can pay for the purchase without any change? It is obvious that he can pay for 10 shovels without any change (by paying the requied amount of 10-burle coins and not using the coin of r burles). But perhaps he can buy fewer shovels and pay without any change. Note that Polycarp should buy at least one shovel.

Input
 The single line of input contains two integers k and r ( 1 ≤ k ≤ 1000 , 1 ≤ r ≤ 9 ) — the price of one shovel and the denomination of the coin in Polycarp's pocket that is different from ""10-burle coins"".
 Remember that he has an unlimited number of coins in the denomination of 10, that is, Polycarp has enough money to buy any number of shovels.

Output
 Print the required minimum number of shovels Polycarp has to buy so that he can pay for them without any change.

Examples
Input
117 3
Output
9
Input
237 7
Output
1
Input
15 2
Output
2

Note
 In the first example Polycarp can buy 9 shovels and pay 9·117 = 1053 burles. Indeed, he can pay this sum by using 10-burle coins and one 3-burle coin. He can't buy fewer shovels without any change.
 In the second example it is enough for Polycarp to buy one shovel.
 In the third example Polycarp should buy two shovels and pay 2·15 = 30 burles. It is obvious that he can pay this sum without any change.","```python
def min_shovels():
    k, r = map(int, input().split())
    for i in range(1, 11):
        if (i * k) % 10 == 0 or (i * k) % 10 == r:
            print(i)
            break

min_shovels()
```","```python
def main():
    k, r = map(int, input().split())
    i = 1
    while (k * i) % 10 != 0 and (k * i - r) % 10 != 0:
        i += 1
    print(i)

main()
```","```python
k, r = map(int, input().split())
for i in range(1, 10):
    if (i * k) % 10 == 0 or (i * k) % 10 == r:
        print(i)
        break
```","{""verdict"": ""OK"", ""passedTestCount"": 54, ""timeConsumedMillis"": 77, ""memoryConsumedBytes"": 0}","{""verdict"": ""OK"", ""passedTestCount"": 54, ""timeConsumedMillis"": 77, ""memoryConsumedBytes"": 0}","{""verdict"": ""OK"", ""passedTestCount"": 54, ""timeConsumedMillis"": 77, ""memoryConsumedBytes"": 0}"
https://codeforces.com/problemset/problem/1154/A,['math'],PROGRAMMING,800,1154,A,"Description:


Polycarp has guessed three positive integers  a ,  b and  c . He keeps these numbers in secret, but he writes down four numbers on a board in arbitrary order — their pairwise sums (three numbers) and sum of all three numbers (one number). So, there are four numbers on a board in random order:  a + b ,  a + c ,  b + c and  a + b + c .
 You have to guess three numbers  a ,  b and  c using given numbers. Print three guessed integers in any order.
 Pay attention that some given numbers  a ,  b and  c can be equal (it is also possible that  a = b = c ).

Input
 The only line of the input contains four positive integers  x 1 , x 2 , x 3 , x 4 (  2 ≤ x i ≤ 10 9 ) — numbers written on a board in random order. It is guaranteed that the answer exists for the given number  x 1 , x 2 , x 3 , x 4 .

Output
 Print such positive integers  a ,  b and  c that four numbers written on a board are values  a + b ,  a + c ,  b + c and  a + b + c written in some order. Print  a ,  b and  c in any order. If there are several answers, you can print any. It is guaranteed that the answer exists.

Examples
Input
3 6 5 4
Output
2 1 3
Input
40 40 40 60
Output
20 20 20
Input
201 101 101 200
Output
1 100 100","```python
def main():
    x = sorted(map(int, input().split()))
    a, b, c = x[3] - x[2], x[3] - x[1], x[3] - x[0]
    print(a, b, c)

if __name__ == ""__main__"":
    main()
```","```python
numbers = list(map(int, input().split()))
max_num = max(numbers)
a, b, c = [max_num - num for num in numbers if num != max_num]
print(a, b, c)
```","```python
x = list(map(int, input().split()))
print(*(sorted(x)[-1] - i for i in x[:-1]))
```","{""verdict"": ""WRONG_ANSWER"", ""passedTestCount"": 0, ""timeConsumedMillis"": 46, ""memoryConsumedBytes"": 0}","{""verdict"": ""OK"", ""passedTestCount"": 9, ""timeConsumedMillis"": 62, ""memoryConsumedBytes"": 0}","{""verdict"": ""OK"", ""passedTestCount"": 9, ""timeConsumedMillis"": 62, ""memoryConsumedBytes"": 0}"
https://codeforces.com/problemset/problem/1703/A,"['brute force', 'implementation', 'strings']",PROGRAMMING,800,1703,A,"Description:


There is a string  s of length  3 , consisting of uppercase and lowercase English letters. Check if it is equal to "" YES "" (without quotes), where each letter can be in any case. For example, "" yES "", "" Yes "", "" yes "" are all allowable.

Input
 The first line of the input contains an integer  t (  1 ≤ t ≤ 10 3 ) — the number of testcases.
 The description of each test consists of one line containing one string  s consisting of three characters. Each character of  s is either an uppercase or lowercase English letter.

Output
 For each test case, output "" YES "" (without quotes) if  s satisfies the condition, and "" NO "" (without quotes) otherwise.
 You can output "" YES "" and "" NO "" in any case (for example, strings "" yES "", "" yes "" and "" Yes "" will be recognized as a positive response).

Example
Input
10
YES
yES
yes
Yes
YeS
Noo
orZ
yEz
Yas
XES
Output
YES
YES
YES
YES
YES
NO
NO
NO
NO
NO

Note
 The first five test cases contain the strings "" YES "", "" yES "", "" yes "", "" Yes "", "" YeS "". All of these are equal to "" YES "", where each character is either uppercase or lowercase.","```python
for _ in range(int(input())):
    print(""YES"" if input().upper() == ""YES"" else ""NO"")
```","```python
import sys

def main():
    input = sys.stdin.read
    data = input().split()
    
    t = int(data[0])
    results = []
    
    for i in range(1, t + 1):
        if data[i].lower() == ""yes"":
            results.append(""YES"")
        else:
            results.append(""NO"")
    
    print(""\n"".join(results))

if __name__ == ""__main__"":
    main()
```","```python
import sys

def main():
    input = sys.stdin.read
    data = input().splitlines()
    
    t = int(data[0])
    results = []
    
    for i in range(1, t + 1):
        s = data[i]
        if s.lower() == ""yes"":
            results.append(""YES"")
        else:
            results.append(""NO"")
    
    sys.stdout.write(""\n"".join(results) + ""\n"")

if __name__ == ""__main__"":
    main()
```","{""verdict"": ""OK"", ""passedTestCount"": 12, ""timeConsumedMillis"": 62, ""memoryConsumedBytes"": 0}","{""verdict"": ""OK"", ""passedTestCount"": 12, ""timeConsumedMillis"": 77, ""memoryConsumedBytes"": 0}","{""verdict"": ""OK"", ""passedTestCount"": 12, ""timeConsumedMillis"": 62, ""memoryConsumedBytes"": 0}"
https://codeforces.com/problemset/problem/96/A,"['implementation', 'strings']",PROGRAMMING,900,96,A,"Description:


Petya loves football very much. One day, as he was watching a football match, he was writing the players' current positions on a piece of paper. To simplify the situation he depicted it as a string consisting of zeroes and ones. A zero corresponds to players of one team; a one corresponds to players of another team. If there are at least 7 players of some team standing one after another, then the situation is considered dangerous. For example, the situation 00100110111111101 is dangerous and 11110111011101 is not. You are given the current situation. Determine whether it is dangerous or not.

Input
 The first input line contains a non-empty string consisting of characters ""0"" and ""1"", which represents players. The length of the string does not exceed 100 characters. There's at least one player from each team present on the field.

Output
 Print ""YES"" if the situation is dangerous. Otherwise, print ""NO"".

Examples
Input
001001
Output
NO
Input
1000000001
Output
YES","```python
import sys

def check_dangerous_situation():
    s = input().strip()
    if '0' * 7 in s or '1' * 7 in s:
        print(""YES"")
    else:
        print(""NO"")

check_dangerous_situation()
```","```python
import sys

def main():
    input_string = sys.stdin.read().strip()
    if '0' * 7 in input_string or '1' * 7 in input_string:
        print(""YES"")
    else:
        print(""NO"")

if __name__ == ""__main__"":
    main()
```","```python
import sys

def is_dangerous(situation):
    return '0' * 7 in situation or '1' * 7 in situation

situation = input().strip()
print(""YES"" if is_dangerous(situation) else ""NO"")
```","{""verdict"": ""OK"", ""passedTestCount"": 44, ""timeConsumedMillis"": 184, ""memoryConsumedBytes"": 0}","{""verdict"": ""OK"", ""passedTestCount"": 44, ""timeConsumedMillis"": 154, ""memoryConsumedBytes"": 0}","{""verdict"": ""OK"", ""passedTestCount"": 44, ""timeConsumedMillis"": 186, ""memoryConsumedBytes"": 0}"
https://codeforces.com/problemset/problem/160/A,"['greedy', 'sortings']",PROGRAMMING,900,160,A,"Description:


Imagine that you have a twin brother or sister. Having another person that looks exactly like you seems very unusual. It's hard to say if having something of an alter ego is good or bad. And if you do have a twin, then you very well know what it's like.
 Now let's imagine a typical morning in your family. You haven't woken up yet, and Mom is already going to work. She has been so hasty that she has nearly forgotten to leave the two of her darling children some money to buy lunches in the school cafeteria. She fished in the purse and found some number of coins, or to be exact, n coins of arbitrary values a 1 , a 2 , ..., a n . But as Mom was running out of time, she didn't split the coins for you two. So she scribbled a note asking you to split the money equally.
 As you woke up, you found Mom's coins and read her note. ""But why split the money equally?"" — you thought. After all, your twin is sleeping and he won't know anything. So you decided to act like that: pick for yourself some subset of coins so that the sum of values of your coins is strictly larger than the sum of values of the remaining coins that your twin will have. However, you correctly thought that if you take too many coins, the twin will suspect the deception. So, you've decided to stick to the following strategy to avoid suspicions: you take the minimum number of coins , whose sum of values is strictly more than the sum of values of the remaining coins. On this basis, determine what minimum number of coins you need to take to divide them in the described manner.

Input
 The first line contains integer n ( 1 ≤ n ≤ 100 ) — the number of coins. The second line contains a sequence of n integers a 1 , a 2 , ..., a n ( 1 ≤ a i ≤ 100 ) — the coins' values. All numbers are separated with spaces.

Output
 In the single line print the single number — the minimum needed number of coins.

Examples
Input
2

3 3
Output
2
Input
3

2 1 2
Output
2

Note
 In the first sample you will have to take 2 coins (you and your twin have sums equal to 6, 0 correspondingly). If you take 1 coin, you get sums 3, 3 . If you take 0 coins, you get sums 0, 6 . Those variants do not satisfy you as your sum should be strictly more that your twins' sum.
 In the second sample one coin isn't enough for us, too. You can pick coins with values 1, 2 or 2, 2 . In any case, the minimum number of coins equals 2 .","```python
def main():
    import sys
    input = sys.stdin.read
    data = input().split()
    
    n = int(data[0])
    coin_values = list(map(int, data[1:n+1]))
    
    coin_values.sort(reverse=True)
    
    total_sum = sum(coin_values)
    current_sum = 0
    count = 0
    
    for value in coin_values:
        current_sum += value
        count += 1
        if current_sum > total_sum - current_sum:
            break
    
    print(count)

if __name__ == ""__main__"":
    main()
```","```python
n = int(input())
coins = list(map(int, input().split()))
coins.sort(reverse=True)

total_sum = sum(coins)
my_sum = 0
count = 0

for coin in coins:
    my_sum += coin
    count += 1
    if my_sum > total_sum - my_sum:
        print(count)
        break
```","```python
def main():
    n = int(input())
    coins = list(map(int, input().split()))
    
    total_sum = sum(coins)
    current_sum = 0
    count = 0
    
    # Sort the coins in descending order to maximize the value with minimum coins
    coins.sort(reverse=True)

    for coin in coins:
        current_sum += coin
        count += 1
        if current_sum > total_sum - current_sum:
            break

    print(count)

if __name__ == ""__main__"":
    main()
```","{""verdict"": ""OK"", ""passedTestCount"": 29, ""timeConsumedMillis"": 186, ""memoryConsumedBytes"": 0}","{""verdict"": ""OK"", ""passedTestCount"": 29, ""timeConsumedMillis"": 154, ""memoryConsumedBytes"": 0}","{""verdict"": ""OK"", ""passedTestCount"": 29, ""timeConsumedMillis"": 186, ""memoryConsumedBytes"": 0}"
https://codeforces.com/problemset/problem/318/A,['math'],PROGRAMMING,900,318,A,"Description:


Being a nonconformist, Volodya is displeased with the current state of things, particularly with the order of natural numbers (natural number is positive integer number). He is determined to rearrange them. But there are too many natural numbers, so Volodya decided to start with the first n . He writes down the following sequence of numbers: firstly all odd integers from 1 to n (in ascending order), then all even integers from 1 to n (also in ascending order). Help our hero to find out which number will stand at the position number k .

Input
 The only line of input contains integers n and k ( 1 ≤ k ≤ n ≤ 10 12 ).
 Please, do not use the %lld specifier to read or write 64-bit integers in C++. It is preferred to use the cin , cout streams or the %I64d specifier.

Output
 Print the number that will stand at the position number k after Volodya's manipulations.

Examples
Input
10 3
Output
5
Input
7 7
Output
6

Note
 In the first sample Volodya's sequence will look like this: {1, 3, 5, 7, 9, 2, 4, 6, 8, 10}. The third place in the sequence is therefore occupied by the number 5.","```python
def find_number_at_position():
    import sys
    input = sys.stdin.read
    data = input().strip().split()
    n, k = int(data[0]), int(data[1])
    
    mid = (n + 1) // 2
    
    if k <= mid:
        print(2 * k - 1)
    else:
        print(2 * (k - mid))

find_number_at_position()
```","```python
def main():
    import sys
    input = sys.stdin.read
    n, k = map(int, input().split())
    
    mid = (n + 1) // 2
    
    if k <= mid:
        result = 2 * k - 1
    else:
        result = 2 * (k - mid)
        
    print(result)

if __name__ == ""__main__"":
    main()
```","```python
n, k = map(int, input().split())
mid = (n + 1) // 2
if k <= mid:
    print(2 * k - 1)
else:
    print(2 * (k - mid))
```","{""verdict"": ""OK"", ""passedTestCount"": 25, ""timeConsumedMillis"": 184, ""memoryConsumedBytes"": 0}","{""verdict"": ""OK"", ""passedTestCount"": 25, ""timeConsumedMillis"": 154, ""memoryConsumedBytes"": 0}","{""verdict"": ""OK"", ""passedTestCount"": 25, ""timeConsumedMillis"": 124, ""memoryConsumedBytes"": 0}"
https://codeforces.com/problemset/problem/133/A,['implementation'],PROGRAMMING,900,133,A,"Description:


HQ9+ is a joke programming language which has only four one-character instructions:
 "" H "" prints "" Hello, World! "", "" Q "" prints the source code of the program itself, "" 9 "" prints the lyrics of ""99 Bottles of Beer"" song, "" + "" increments the value stored in the internal accumulator.
 Instructions "" H "" and "" Q "" are case-sensitive and must be uppercase. The characters of the program which are not instructions are ignored.
 You are given a program written in HQ9+. You have to figure out whether executing this program will produce any output.

Input
 The input will consist of a single line p which will give a program in HQ9+. String p will contain between 1 and 100 characters, inclusive. ASCII-code of each character of p will be between 33 (exclamation mark) and 126 (tilde), inclusive.

Output
 Output "" YES "", if executing the program will produce any output, and "" NO "" otherwise.

Examples
Input
Hi!
Output
YES
Input
Codeforces
Output
NO

Note
 In the first case the program contains only one instruction — "" H "", which prints "" Hello, World! "".
 In the second case none of the program characters are language instructions.","```python
import sys
input = sys.stdin.read
print(""YES"" if set(input().strip()) & {'H', 'Q', '9'} else ""NO"")
```","```python
def main():
    p = input().strip()
    if any(c in 'HQ9' for c in p):
        print(""YES"")
    else:
        print(""NO"")

main()
```","```python
print(""YES"" if any(c in 'HQ9+' for c in input()) else ""NO"")
```","{""verdict"": ""WRONG_ANSWER"", ""passedTestCount"": 2, ""timeConsumedMillis"": 154, ""memoryConsumedBytes"": 0}","{""verdict"": ""OK"", ""passedTestCount"": 85, ""timeConsumedMillis"": 156, ""memoryConsumedBytes"": 0}","{""verdict"": ""OK"", ""passedTestCount"": 85, ""timeConsumedMillis"": 156, ""memoryConsumedBytes"": 0}"
https://codeforces.com/problemset/problem/405/A,"['greedy', 'implementation', 'sortings']",PROGRAMMING,900,405,A,"Description:


Little Chris is bored during his physics lessons (too easy), so he has built a toy box to keep himself occupied. The box is special, since it has the ability to change gravity.
 There are n columns of toy cubes in the box arranged in a line. The i -th column contains a i cubes. At first, the gravity in the box is pulling the cubes downwards. When Chris switches the gravity, it begins to pull all the cubes to the right side of the box. The figure shows the initial and final configurations of the cubes in the box: the cubes that have changed their position are highlighted with orange.
 
 Given the initial configuration of the toy cubes in the box, find the amounts of cubes in each of the n columns after the gravity switch!

Input
 The first line of input contains an integer n ( 1 ≤ n ≤ 100 ), the number of the columns in the box. The next line contains n space-separated integer numbers. The i -th number a i ( 1 ≤ a i ≤ 100 ) denotes the number of cubes in the i -th column.

Output
 Output n integer numbers separated by spaces, where the i -th number is the amount of cubes in the i -th column after the gravity switch.

Examples
Input
4

3 2 1 2
Output
1 2 2 3
Input
3

2 3 8
Output
2 3 8

Note
 The first example case is shown on the figure. The top cube of the first column falls to the top of the last column; the top cube of the second column falls to the top of the third column; the middle cube of the first column falls to the top of the second column.
 In the second example case the gravity switch does not change the heights of the columns.","```python
import sys

def main():
    n = int(input())
    cubes = list(map(int, input().split()))
    cubes.sort()
    print(' '.join(map(str, cubes)))

if __name__ == ""__main__"":
    main()
```","```python
import sys

def main():
    n = int(sys.stdin.readline().strip())
    cubes = list(map(int, sys.stdin.readline().strip().split()))
    result = sorted(cubes)
    print(' '.join(map(str, result)))

if __name__ == ""__main__"":
    main()
```","```python
n = int(input())
columns = list(map(int, input().split()))
print(*sorted(columns))
```","{""verdict"": ""OK"", ""passedTestCount"": 32, ""timeConsumedMillis"": 77, ""memoryConsumedBytes"": 0}","{""verdict"": ""OK"", ""passedTestCount"": 32, ""timeConsumedMillis"": 93, ""memoryConsumedBytes"": 0}","{""verdict"": ""OK"", ""passedTestCount"": 32, ""timeConsumedMillis"": 92, ""memoryConsumedBytes"": 0}"
https://codeforces.com/problemset/problem/208/A,['strings'],PROGRAMMING,900,208,A,"Description:


Vasya works as a DJ in the best Berland nightclub, and he often uses dubstep music in his performance. Recently, he has decided to take a couple of old songs and make dubstep remixes from them.
 Let's assume that a song consists of some number of words. To make the dubstep remix of this song, Vasya inserts a certain number of words "" WUB "" before the first word of the song (the number may be zero), after the last word (the number may be zero), and between words (at least one between any pair of neighbouring words), and then the boy glues together all the words, including "" WUB "", in one string and plays the song at the club.
 For example, a song with words "" I AM X "" can transform into a dubstep remix as "" WUBWUBIWUBAMWUBWUBX "" and cannot transform into "" WUBWUBIAMWUBX "".
 Recently, Petya has heard Vasya's new dubstep track, but since he isn't into modern music, he decided to find out what was the initial song that Vasya remixed. Help Petya restore the original song.

Input
 The input consists of a single non-empty string, consisting only of uppercase English letters, the string's length doesn't exceed 200 characters. It is guaranteed that before Vasya remixed the song, no word contained substring "" WUB "" in it; Vasya didn't change the word order. It is also guaranteed that initially the song had at least one word.

Output
 Print the words of the initial song that Vasya used to make a dubsteb remix. Separate the words with a space.

Examples
Input
WUBWUBABCWUB
Output
ABC
Input
WUBWEWUBAREWUBWUBTHEWUBCHAMPIONSWUBMYWUBFRIENDWUB
Output
WE ARE THE CHAMPIONS MY FRIEND

Note
 In the first sample: "" WUBWUBABCWUB "" = "" WUB "" + "" WUB "" + "" ABC "" + "" WUB "". That means that the song originally consisted of a single word "" ABC "", and all words "" WUB "" were added by Vasya.
 In the second sample Vasya added a single word "" WUB "" between all neighbouring words, in the beginning and in the end, except for words "" ARE "" and "" THE "" — between them Vasya added two "" WUB "".","```python
import sys

def restore_original_song():
    input_string = sys.stdin.read().strip()
    print(' '.join(input_string.split(""WUB"")))

restore_original_song()","```python
print("" "".join(input().split('WUB')).strip())
```","```python
import sys

def main():
    input_string = input().strip()
    original_song = ' '.join(input_string.split('WUB')).strip()
    print(original_song)

if __name__ == ""__main__"":
    main()
```","{""verdict"": ""OK"", ""passedTestCount"": 71, ""timeConsumedMillis"": 154, ""memoryConsumedBytes"": 0}","{""verdict"": ""OK"", ""passedTestCount"": 71, ""timeConsumedMillis"": 186, ""memoryConsumedBytes"": 0}","{""verdict"": ""OK"", ""passedTestCount"": 71, ""timeConsumedMillis"": 154, ""memoryConsumedBytes"": 0}"
https://codeforces.com/problemset/problem/580/A,"['brute force', 'dp', 'implementation']",PROGRAMMING,900,580,A,"Description:


Kefa decided to make some money doing business on the Internet for exactly n days. He knows that on the i -th day ( 1 ≤ i ≤ n ) he makes a i money. Kefa loves progress, that's why he wants to know the length of the maximum non-decreasing subsegment in sequence a i . Let us remind you that the subsegment of the sequence is its continuous fragment. A subsegment of numbers is called non-decreasing if all numbers in it follow in the non-decreasing order.
 Help Kefa cope with this task!

Input
 The first line contains integer n ( 1 ≤ n ≤ 10 5 ).
 The second line contains n integers a 1 , a 2 ,  ..., a n ( 1 ≤ a i ≤ 10 9 ).

Output
 Print a single integer — the length of the maximum non-decreasing subsegment of sequence a .

Examples
Input
6

2 2 1 3 4 1
Output
3
Input
3

2 2 9
Output
3

Note
 In the first test the maximum non-decreasing subsegment is the numbers from the third to the fifth one.
 In the second test the maximum non-decreasing subsegment is the numbers from the first to the third one.","```python
n = int(input())
a = list(map(int, input().split()))

max_len = 0
current_len = 1

for i in range(1, n):
    if a[i] >= a[i - 1]:
        current_len += 1
    else:
        max_len = max(max_len, current_len)
        current_len = 1

print(max(max_len, current_len))
```","```python
n = int(input())
arr = list(map(int, input().split()))

max_len = 1
current_len = 1

for i in range(1, n):
    if arr[i] >= arr[i - 1]:
        current_len += 1
    else:
        max_len = max(max_len, current_len)
        current_len = 1

print(max(max_len, current_len))
```","```python
def main():
    import sys
    input = sys.stdin.read
    data = input().split()
    
    n = int(data[0])
    earnings = list(map(int, data[1:]))
    
    max_length = 1
    current_length = 1
    
    for i in range(1, n):
        if earnings[i] >= earnings[i - 1]:
            current_length += 1
        else:
            max_length = max(max_length, current_length)
            current_length = 1
            
    max_length = max(max_length, current_length)
    
    print(max_length)

if __name__ == ""__main__"":
    main()
```","{""verdict"": ""OK"", ""passedTestCount"": 28, ""timeConsumedMillis"": 109, ""memoryConsumedBytes"": 14131200}","{""verdict"": ""OK"", ""passedTestCount"": 28, ""timeConsumedMillis"": 124, ""memoryConsumedBytes"": 13414400}","{""verdict"": ""OK"", ""passedTestCount"": 28, ""timeConsumedMillis"": 124, ""memoryConsumedBytes"": 13414400}"
https://codeforces.com/problemset/problem/337/A,['greedy'],PROGRAMMING,900,337,A,"Description:


The end of the school year is near and Ms. Manana, the teacher, will soon have to say goodbye to a yet another class. She decided to prepare a goodbye present for her n students and give each of them a jigsaw puzzle (which, as wikipedia states, is a tiling puzzle that requires the assembly of numerous small, often oddly shaped, interlocking and tessellating pieces).
 The shop assistant told the teacher that there are m puzzles in the shop, but they might differ in difficulty and size. Specifically, the first jigsaw puzzle consists of f 1 pieces, the second one consists of f 2 pieces and so on.
 Ms. Manana doesn't want to upset the children, so she decided that the difference between the numbers of pieces in her presents must be as small as possible. Let A be the number of pieces in the largest puzzle that the teacher buys and B be the number of pieces in the smallest such puzzle. She wants to choose such n puzzles that A - B is minimum possible. Help the teacher and find the least possible value of A - B .

Input
 The first line contains space-separated integers n and m ( 2 ≤ n ≤ m ≤ 50 ). The second line contains m space-separated integers f 1 , f 2 , ..., f m ( 4 ≤ f i ≤ 1000 ) — the quantities of pieces in the puzzles sold in the shop.

Output
 Print a single integer — the least possible difference the teacher can obtain.

Examples
Input
4 6

10 12 10 7 5 22
Output
5

Note
 Sample 1. The class has 4 students. The shop sells 6 puzzles. If Ms. Manana buys the first four puzzles consisting of 10, 12, 10 and 7 pieces correspondingly, then the difference between the sizes of the largest and the smallest puzzle will be equal to 5. It is impossible to obtain a smaller difference. Note that the teacher can also buy puzzles 1, 3, 4 and 5 to obtain the difference 5.","```python
def main():
    import sys
    input = sys.stdin.read
    data = input().split()
    
    n = int(data[0])
    m = int(data[1])
    puzzles = list(map(int, data[2:]))
    puzzles.sort()

    min_diff = float('inf')
    for i in range(m - n + 1):
        current_diff = puzzles[i + n - 1] - puzzles[i]
        if current_diff < min_diff:
            min_diff = current_diff
    
    print(min_diff)

if __name__ == ""__main__"":
    main()
```","```python
def main():
    n, m = map(int, input().split())
    f = sorted(map(int, input().split()))
    print(min(j - i for i, j in zip(f, f[n-1:])))

if __name__ == ""__main__"":
    main()
```","```python
import sys

def find_min_difference():
    n, m = map(int, input().split())
    f = sorted(map(int, input().split()))
    
    min_diff = float('inf')
    for i in range(m - n + 1):
        current_diff = f[i + n - 1] - f[i]
        if current_diff < min_diff:
            min_diff = current_diff
            
    print(min_diff)

find_min_difference()
```","{""verdict"": ""OK"", ""passedTestCount"": 18, ""timeConsumedMillis"": 156, ""memoryConsumedBytes"": 0}","{""verdict"": ""OK"", ""passedTestCount"": 18, ""timeConsumedMillis"": 124, ""memoryConsumedBytes"": 0}","{""verdict"": ""OK"", ""passedTestCount"": 18, ""timeConsumedMillis"": 186, ""memoryConsumedBytes"": 0}"
https://codeforces.com/problemset/problem/451/A,['implementation'],PROGRAMMING,900,451,A,"Description:


After winning gold and silver in IOI 2014, Akshat and Malvika want to have some fun. Now they are playing a game on a grid made of n horizontal and m vertical sticks.
 An intersection point is any point on the grid which is formed by the intersection of one horizontal stick and one vertical stick.
 In the grid shown below, n = 3 and m = 3 . There are n + m = 6 sticks in total (horizontal sticks are shown in red and vertical sticks are shown in green). There are n · m = 9 intersection points, numbered from 1 to 9 .
 
 The rules of the game are very simple. The players move in turns. Akshat won gold, so he makes the first move. During his/her move, a player must choose any remaining intersection point and remove from the grid all sticks which pass through this point. A player will lose the game if he/she cannot make a move (i.e. there are no intersection points remaining on the grid at his/her move).
 Assume that both players play optimally. Who will win the game?

Input
 The first line of input contains two space-separated integers, n and m ( 1 ≤ n , m ≤ 100 ).

Output
 Print a single line containing "" Akshat "" or "" Malvika "" (without the quotes), depending on the winner of the game.

Examples
Input
2 2
Output
Malvika
Input
2 3
Output
Malvika
Input
3 3
Output
Akshat

Note
 Explanation of the first sample:
 The grid has four intersection points, numbered from 1 to 4 .
 
 If Akshat chooses intersection point 1 , then he will remove two sticks ( 1 - 2 and 1 - 3 ). The resulting grid will look like this.
 
 Now there is only one remaining intersection point (i.e. 4 ). Malvika must choose it and remove both remaining sticks. After her move the grid will be empty.
 In the empty grid, Akshat cannot make any move, hence he will lose.
 Since all 4 intersection points of the grid are equivalent, Akshat will lose no matter which one he picks.","```python
def main():
    import sys
    input = sys.stdin.read
    data = input().split()
    n, m = int(data[0]), int(data[1])
    print(""Akshat"" if min(n, m) % 2 == 1 else ""Malvika"")

if __name__ == ""__main__"":
    main()
```","```python
n, m = map(int, input().split())
print(""Akshat"" if min(n, m) % 2 else ""Malvika"")
```","```python
n, m = map(int, input().split())
print(""Malvika"" if min(n, m) % 2 == 0 else ""Akshat"")
```","{""verdict"": ""OK"", ""passedTestCount"": 28, ""timeConsumedMillis"": 93, ""memoryConsumedBytes"": 0}","{""verdict"": ""OK"", ""passedTestCount"": 28, ""timeConsumedMillis"": 92, ""memoryConsumedBytes"": 0}","{""verdict"": ""OK"", ""passedTestCount"": 28, ""timeConsumedMillis"": 77, ""memoryConsumedBytes"": 0}"
https://codeforces.com/problemset/problem/1475/A,"['math', 'number theory']",PROGRAMMING,900,1475,A,"Description:


You are given an integer  n . Check if  n has an odd divisor, greater than one (does there exist such a number  x (  x > 1 ) that  n is divisible by  x and  x is odd).
 For example, if  n = 6 , then there is  x = 3 . If  n = 4 , then such a number does not exist.

Input
 The first line contains one integer  t (  1 ≤ t ≤ 10 4 ) — the number of test cases. Then  t test cases follow.
 Each test case contains one integer  n (  2 ≤ n ≤ 10 14 ).
 Please note, that the input for some test cases won't fit into  32 -bit integer type, so you should use at least  64 -bit integer type in your programming language.

Output
 For each test case, output on a separate line:
 "" YES "" if  n has an odd divisor, greater than one; "" NO "" otherwise.
 You can output "" YES "" and "" NO "" in any case (for example, the strings yEs , yes , Yes and YES will be recognized as positive).

Example
Input
6
2
3
4
5
998244353
1099511627776
Output
NO
YES
NO
YES
YES
NO","```python
for _ in range(int(input())):
    n = int(input())
    if n & (n - 1) == 0:
        print(""NO"")
    else:
        print(""YES"")
```","```python
for _ in range(int(input())):
    n = int(input())
    if n & (n - 1) == 0:
        print(""NO"")
    else:
        print(""YES"")
```","```python
for _ in range(int(input())):
    n = int(input())
    print(""YES"" if n & (n - 1) else ""NO"")
```","{""verdict"": ""OK"", ""passedTestCount"": 10, ""timeConsumedMillis"": 108, ""memoryConsumedBytes"": 0}","{""verdict"": ""OK"", ""passedTestCount"": 10, ""timeConsumedMillis"": 108, ""memoryConsumedBytes"": 0}","{""verdict"": ""OK"", ""passedTestCount"": 10, ""timeConsumedMillis"": 109, ""memoryConsumedBytes"": 0}"
https://codeforces.com/problemset/problem/313/A,"['implementation', 'number theory']",PROGRAMMING,900,313,A,"Description:


Ilya is a very clever lion, he lives in an unusual city ZooVille. In this city all the animals have their rights and obligations. Moreover, they even have their own bank accounts. The state of a bank account is an integer. The state of a bank account can be a negative number. This means that the owner of the account owes the bank money.
 Ilya the Lion has recently had a birthday, so he got a lot of gifts. One of them (the gift of the main ZooVille bank) is the opportunity to delete the last digit or the digit before last from the state of his bank account no more than once. For example, if the state of Ilya's bank account is -123, then Ilya can delete the last digit and get his account balance equal to -12, also he can remove its digit before last and get the account balance equal to -13. Of course, Ilya is permitted not to use the opportunity to delete a digit from the balance.
 Ilya is not very good at math, and that's why he asks you to help him maximize his bank account. Find the maximum state of the bank account that can be obtained using the bank's gift.

Input
 The single line contains integer n  (10 ≤ | n | ≤ 10 9 ) — the state of Ilya's bank account.

Output
 In a single line print an integer — the maximum state of the bank account that Ilya can get.

Examples
Input
2230
Output
2230
Input
-10
Output
0
Input
-100003
Output
-10000

Note
 In the first test sample Ilya doesn't profit from using the present.
 In the second test sample you can delete digit 1 and get the state of the account equal to 0.","```python
n = int(input())
print(max(n, -(-10**9), -(int(str(n)[:-2] + str(n)[-1])), -(int(str(n)[:-1]))))
```","```python
n = int(input())
print(max(n, -(-n // 10), -((-n % 100) // 10)))
```","```python
n = int(input())
print(max(n, *(int(str(n)[:-i]) for i in range(2))))
```","{""verdict"": ""RUNTIME_ERROR"", ""passedTestCount"": 0, ""timeConsumedMillis"": 122, ""memoryConsumedBytes"": 0}","{""verdict"": ""WRONG_ANSWER"", ""passedTestCount"": 1, ""timeConsumedMillis"": 122, ""memoryConsumedBytes"": 0}","{""verdict"": ""WRONG_ANSWER"", ""passedTestCount"": 0, ""timeConsumedMillis"": 122, ""memoryConsumedBytes"": 0}"
https://codeforces.com/problemset/problem/34/B,"['greedy', 'sortings']",PROGRAMMING,900,34,B,"Description:


Once Bob got to a sale of old TV sets. There were n TV sets at that sale. TV set with index i costs a i bellars. Some TV sets have a negative price — their owners are ready to pay Bob if he buys their useless apparatus. Bob can «buy» any TV sets he wants. Though he's very strong, Bob can carry at most m TV sets, and he has no desire to go to the sale for the second time. Please, help Bob find out the maximum sum of money that he can earn.

Input
 The first line contains two space-separated integers n and m ( 1 ≤ m ≤ n ≤ 100 ) — amount of TV sets at the sale, and amount of TV sets that Bob can carry. The following line contains n space-separated integers a i ( - 1000 ≤ a i ≤ 1000 ) — prices of the TV sets.

Output
 Output the only number — the maximum sum of money that Bob can earn, given that he can carry at most m TV sets.

Examples
Input
5 3

-6 0 35 -2 4
Output
8
Input
4 2

7 0 0 -7
Output
7","```python
n, m = map(int, input().split())
prices = list(map(int, input().split()))
negative_prices = sorted([p for p in prices if p < 0])
print(-sum(negative_prices[:m]))
```","```python
n, m = map(int, input().split())
prices = sorted(map(int, input().split()))
print(-sum(price for price in prices[:m] if price < 0))
```","```python
def main():
    import sys
    input = sys.stdin.read
    data = input().split()
    
    n, m = int(data[0]), int(data[1])
    prices = list(map(int, data[2:]))
    
    negative_prices = sorted(filter(lambda x: x < 0, prices))
    
    max_earnings = -sum(negative_prices[:m])
    print(max_earnings)

if __name__ == ""__main__"":
    main()
```","{""verdict"": ""OK"", ""passedTestCount"": 25, ""timeConsumedMillis"": 154, ""memoryConsumedBytes"": 0}","{""verdict"": ""OK"", ""passedTestCount"": 25, ""timeConsumedMillis"": 216, ""memoryConsumedBytes"": 0}","{""verdict"": ""OK"", ""passedTestCount"": 25, ""timeConsumedMillis"": 184, ""memoryConsumedBytes"": 0}"
https://codeforces.com/problemset/problem/1374/B,['math'],PROGRAMMING,900,1374,B,"Description:


You are given an integer  n . In one move, you can either multiply  n by two or divide  n by  6 (if it is divisible by  6 without the remainder).
 Your task is to find the minimum number of moves needed to obtain  1 from  n or determine if it's impossible to do that.
 You have to answer  t independent test cases.

Input
 The first line of the input contains one integer  t (  1 ≤ t ≤ 2 ⋅ 10 4 ) — the number of test cases. Then  t test cases follow.
 The only line of the test case contains one integer  n (  1 ≤ n ≤ 10 9 ).

Output
 For each test case, print the answer — the minimum number of moves needed to obtain  1 from  n if it's possible to do that or -1 if it's impossible to obtain  1 from  n .

Example
Input
7
1
2
3
12
12345
15116544
387420489
Output
0
-1
2
-1
-1
12
36

Note
 Consider the sixth test case of the example. The answer can be obtained by the following sequence of moves from the given integer  15116544 :
 Divide by  6 and get  2519424 ; divide by  6 and get  419904 ; divide by  6 and get  69984 ; divide by  6 and get  11664 ; multiply by  2 and get  23328 ; divide by  6 and get  3888 ; divide by  6 and get  648 ; divide by  6 and get  108 ; multiply by  2 and get  216 ; divide by  6 and get  36 ; divide by  6 and get  6 ; divide by  6 and get  1 .","```python
def min_moves_to_one(n):
    moves = 0
    while n != 1:
        if n % 6 == 0:
            n //= 6
        elif n % 3 == 0: # n is divisible by 3 but not by 6
            n *= 2
        else: # n is neither divisible by 3 nor by 6
            return -1
        moves += 1

    return moves

t = int(input().strip())
for _ in range(t):
    n = int(input().strip())
    print(min_moves_to_one(n))
```","```python
def min_moves_to_one(n):
    moves = 0
    while n > 1:
        if n % 6 == 0:
            n //= 6
        elif n % 3 == 0:
            n *= 2
        else:
            return -1
        moves += 1
    return moves

t = int(input())
for _ in range(t):
    n = int(input())
    print(min_moves_to_one(n))
```","```python
def min_moves_to_one(n):
    moves = 0
    while n > 1:
        if n % 6 == 0:
            n //= 6
        elif n % 3 == 0:
            n *= 2
            n //= 3
        else:
            return -1
        moves += 1
    return moves

t = int(input())
for _ in range(t):
    n = int(input())
    print(min_moves_to_one(n))
```","{""verdict"": ""WRONG_ANSWER"", ""passedTestCount"": 0, ""timeConsumedMillis"": 62, ""memoryConsumedBytes"": 0}","{""verdict"": ""OK"", ""passedTestCount"": 28, ""timeConsumedMillis"": 249, ""memoryConsumedBytes"": 0}","{""verdict"": ""OK"", ""passedTestCount"": 28, ""timeConsumedMillis"": 249, ""memoryConsumedBytes"": 0}"
https://codeforces.com/problemset/problem/1475/B,"['brute force', 'dp', 'math']",PROGRAMMING,900,1475,B,"Description:


Polycarp remembered the  2020 -th year, and he is happy with the arrival of the new  2021 -th year. To remember such a wonderful moment, Polycarp wants to represent the number  n as the sum of a certain number of  2020 and a certain number of  2021 .
 For example, if:
 n = 4041 , then the number  n can be represented as the sum  2020 + 2021 ; n = 4042 , then the number  n can be represented as the sum  2021 + 2021 ; n = 8081 , then the number  n can be represented as the sum  2020 + 2020 + 2020 + 2021 ; n = 8079 , then the number  n cannot be represented as the sum of the numbers  2020 and  2021 .
 Help Polycarp to find out whether the number  n can be represented as the sum of a certain number of numbers  2020 and a certain number of numbers  2021 .

Input
 The first line contains one integer  t (  1 ≤ t ≤ 10 4 ) — the number of test cases. Then  t test cases follow.
 Each test case contains one integer  n (  1 ≤ n ≤ 10 6 ) — the number that Polycarp wants to represent as the sum of the numbers  2020 and  2021 .

Output
 For each test case, output on a separate line:
 "" YES "" if the number  n is representable as the sum of a certain number of  2020 and a certain number of  2021 ; "" NO "" otherwise.
 You can output "" YES "" and "" NO "" in any case (for example, the strings yEs , yes , Yes and YES will be recognized as positive).

Example
Input
5
1
4041
4042
8081
8079
Output
NO
YES
YES
YES
NO","```python
for _ in range(int(input())):
    n = int(input())
    print(""YES"" if n >= 2020 * (n // 2020) else ""NO"")
```","```python
for _ in range(int(input())):
    n = int(input())
    k = n // 2020
    if (n % 2020) <= k:
        print(""YES"")
    else:
        print(""NO"")
```","```python
def solve():
    for _ in range(int(input())):
        n = int(input())
        print(""YES"" if n // 2020 >= n % 2020 else ""NO"")

solve()
```","{""verdict"": ""OK"", ""passedTestCount"": 29, ""timeConsumedMillis"": 109, ""memoryConsumedBytes"": 0}","{""verdict"": ""OK"", ""passedTestCount"": 29, ""timeConsumedMillis"": 109, ""memoryConsumedBytes"": 0}","{""verdict"": ""WRONG_ANSWER"", ""passedTestCount"": 0, ""timeConsumedMillis"": 61, ""memoryConsumedBytes"": 0}"
https://codeforces.com/problemset/problem/1343/A,"['brute force', 'math']",PROGRAMMING,900,1343,A,"Description:


Recently Vova found  n candy wrappers. He remembers that he bought  x candies during the first day,  2 x candies during the second day,  4 x candies during the third day,  … ,  2 k − 1 x candies during the  k -th day. But there is an issue: Vova remembers neither  x nor  k but he is sure that  x and  k are positive integers and  k > 1 .
 Vova will be satisfied if you tell him any positive integer  x so there is an integer  k > 1 that  x + 2 x + 4 x + ⋯ + 2 k − 1 x = n . It is guaranteed that at least one solution exists. Note that  k > 1 .
 You have to answer  t independent test cases.

Input
 The first line of the input contains one integer  t (  1 ≤ t ≤ 10 4 ) — the number of test cases. Then  t test cases follow.
 The only line of the test case contains one integer  n (  3 ≤ n ≤ 10 9 ) — the number of candy wrappers Vova found. It is guaranteed that there is some positive integer  x and integer  k > 1 that  x + 2 x + 4 x + ⋯ + 2 k − 1 x = n .

Output
 Print one integer — any positive integer value of  x so there is an integer  k > 1 that  x + 2 x + 4 x + ⋯ + 2 k − 1 x = n .

Example
Input
7
3
6
7
21
28
999999999
999999984
Output
1
2
1
7
4
333333333
333333328

Note
 In the first test case of the example, one of the possible answers is  x = 1 , k = 2 . Then  1 ⋅ 1 + 2 ⋅ 1 equals  n = 3 .
 In the second test case of the example, one of the possible answers is  x = 2 , k = 2 . Then  1 ⋅ 2 + 2 ⋅ 2 equals  n = 6 .
 In the third test case of the example, one of the possible answers is  x = 1 , k = 3 . Then  1 ⋅ 1 + 2 ⋅ 1 + 4 ⋅ 1 equals  n = 7 .
 In the fourth test case of the example, one of the possible answers is  x = 7 , k = 2 . Then  1 ⋅ 7 + 2 ⋅ 7 equals  n = 21 .
 In the fifth test case of the example, one of the possible answers is  x = 4 , k = 3 . Then  1 ⋅ 4 + 2 ⋅ 4 + 4 ⋅ 4 equals  n = 28 .","```python
def find_x(n):
    d = 3
    while n % d:
        d += d + 1
    return n // d

t = int(input())
for _ in range(t):
    n = int(input())
    print(find_x(n))
```","```python
import sys

def find_x(n):
    m = 3
    while n % m:
        m = (m << 1) | 1
    return n // m

t = int(input().strip())
for _ in range(t):
    n = int(input().strip())
    print(find_x(n))
```","```python
def find_x(n):
    k = 2
    while (n % ((1 << k) - 1)) != 0:
        k += 1
    return n // ((1 << k) - 1)

t = int(input())
for _ in range(t):
    n = int(input())
    print(find_x(n))
```","{""verdict"": ""OK"", ""passedTestCount"": 24, ""timeConsumedMillis"": 124, ""memoryConsumedBytes"": 0}","{""verdict"": ""OK"", ""passedTestCount"": 24, ""timeConsumedMillis"": 140, ""memoryConsumedBytes"": 0}","{""verdict"": ""OK"", ""passedTestCount"": 24, ""timeConsumedMillis"": 140, ""memoryConsumedBytes"": 0}"
https://codeforces.com/problemset/problem/460/A,"['brute force', 'implementation', 'math']",PROGRAMMING,900,460,A,"Description:


Vasya has n pairs of socks. In the morning of each day Vasya has to put on a pair of socks before he goes to school. When he comes home in the evening, Vasya takes off the used socks and throws them away. Every m -th day (at days with numbers m , 2 m , 3 m , ... ) mom buys a pair of socks to Vasya. She does it late in the evening, so that Vasya cannot put on a new pair of socks before the next day. How many consecutive days pass until Vasya runs out of socks?

Input
 The single line contains two integers n and m  (1 ≤ n ≤ 100; 2 ≤ m ≤ 100) , separated by a space.

Output
 Print a single integer — the answer to the problem.

Examples
Input
2 2
Output
3
Input
9 3
Output
13

Note
 In the first sample Vasya spends the first two days wearing the socks that he had initially. Then on day three he puts on the socks that were bought on day two.
 In the second sample Vasya spends the first nine days wearing the socks that he had initially. Then he spends three days wearing the socks that were bought on the third, sixth and ninth days. Than he spends another day wearing the socks that were bought on the twelfth day.","```python
n, m = map(int, input().split())
days = n

while n >= m:
    extra_pairs = n // m
    days += extra_pairs
    n = n - extra_pairs * m + extra_pairs

print(days)
```","```python
def main():
    n, m = map(int, input().split())
    days = 0
    while n > 0:
        days += 1
        if days % m == 0:
            n += 1
        n -= 1
    print(days)

if __name__ == ""__main__"":
    main()
```","```python
n, m = map(int, input().split())
days = n
i = 1
while n >= i * m:
    n += i
    i += 1
print(n + (i - 1) * (m - 1))
```","{""verdict"": ""WRONG_ANSWER"", ""passedTestCount"": 0, ""timeConsumedMillis"": 61, ""memoryConsumedBytes"": 0}","{""verdict"": ""OK"", ""passedTestCount"": 26, ""timeConsumedMillis"": 77, ""memoryConsumedBytes"": 0}","{""verdict"": ""OK"", ""passedTestCount"": 26, ""timeConsumedMillis"": 77, ""memoryConsumedBytes"": 0}"
https://codeforces.com/problemset/problem/474/A,['implementation'],PROGRAMMING,900,474,A,"Description:


Our good friend Mole is trying to code a big message. He is typing on an unusual keyboard with characters arranged in following way:
 qwertyuiop  asdfghjkl;  zxcvbnm,./
 Unfortunately Mole is blind, so sometimes it is problem for him to put his hands accurately. He accidentally moved both his hands with one position to the left or to the right. That means that now he presses not a button he wants, but one neighboring button (left or right, as specified in input).
 We have a sequence of characters he has typed and we want to find the original message.

Input
 First line of the input contains one letter describing direction of shifting ( 'L' or 'R' respectively for left or right).
 Second line contains a sequence of characters written by Mole. The size of this sequence will be no more than 100 . Sequence contains only symbols that appear on Mole's keyboard. It doesn't contain spaces as there is no space on Mole's keyboard.
 It is guaranteed that even though Mole hands are moved, he is still pressing buttons on keyboard and not hitting outside it.

Output
 Print a line that contains the original message.

Examples
Input
R

s;;upimrrfod;pbr
Output
allyouneedislove","```python
def main():
    shift_direction = input().strip()
    typed_message = input().strip()

    keyboard = ""qwertyuiopasdfghjkl;zxcvbnm,./""
    shift = -1 if shift_direction == 'R' else 1

    original_message = ''.join(keyboard[keyboard.index(char) + shift] for char in typed_message)
    print(original_message)

if __name__ == ""__main__"":
    main()
```","```python
keyboard = 'qwertyuiopasdfghjkl;zxcvbnm,./'
direction = input().strip()
typed_message = input().strip()

shift = -1 if direction == 'R' else 1

original_message = ''.join(keyboard[keyboard.index(char) + shift] for char in typed_message)
print(original_message)
```","```python
keyboard = ""qwertyuiopasdfghjkl;zxcvbnm,./""
direction = input().strip()
typed_message = input().strip()

shift = -1 if direction == 'R' else 1

def find_original_char(c):
    index = keyboard.index(c)
    return keyboard[index + shift]

original_message = ''.join(find_original_char(c) for c in typed_message)
print(original_message)
```","{""verdict"": ""OK"", ""passedTestCount"": 31, ""timeConsumedMillis"": 77, ""memoryConsumedBytes"": 0}","{""verdict"": ""OK"", ""passedTestCount"": 31, ""timeConsumedMillis"": 93, ""memoryConsumedBytes"": 0}","{""verdict"": ""OK"", ""passedTestCount"": 31, ""timeConsumedMillis"": 78, ""memoryConsumedBytes"": 0}"
https://codeforces.com/problemset/problem/556/A,['greedy'],PROGRAMMING,900,556,A,"Description:


Andrewid the Android is a galaxy-famous detective. In his free time he likes to think about strings containing zeros and ones.
 Once he thought about a string of length n consisting of zeroes and ones. Consider the following operation: we choose any two adjacent positions in the string, and if one them contains 0, and the other contains 1, then we are allowed to remove these two digits from the string, obtaining a string of length n - 2 as a result.
 Now Andreid thinks about what is the minimum length of the string that can remain after applying the described operation several times (possibly, zero)? Help him to calculate this number.

Input
 First line of the input contains a single integer n ( 1 ≤ n ≤ 2·10 5 ), the length of the string that Andreid has.
 The second line contains the string of length n consisting only from zeros and ones.

Output
 Output the minimum length of the string that may remain after applying the described operations several times.

Examples
Input
4

1100
Output
0
Input
5

01010
Output
1
Input
8

11101111
Output
6

Note
 In the first sample test it is possible to change the string like the following:  .
 In the second sample test it is possible to change the string like the following:  .
 In the third sample test it is possible to change the string like the following:  .","```python
import sys

def main():
    input = sys.stdin.read
    data = input().split()
    n = int(data[0])
    s = data[1]
    count_ones = s.count('1')
    print(abs(n - 2 * count_ones))

if __name__ == ""__main__"":
    main()
```","```python
import sys

def main():
    n = int(sys.stdin.readline().strip())
    s = sys.stdin.readline().strip()
    zero_count = s.count('0')
    one_count = s.count('1')
    print(abs(zero_count - one_count))

if __name__ == ""__main__"":
    main()
```","```python
def main():
    import sys
    input = sys.stdin.read
    data = input().split()
    n = int(data[0])
    s = data[1]
    
    count_0 = s.count('0')
    count_1 = s.count('1')
    
    print(abs(count_0 - count_1))

if __name__ == ""__main__"":
    main()
```","{""verdict"": ""OK"", ""passedTestCount"": 49, ""timeConsumedMillis"": 77, ""memoryConsumedBytes"": 0}","{""verdict"": ""OK"", ""passedTestCount"": 49, ""timeConsumedMillis"": 77, ""memoryConsumedBytes"": 0}","{""verdict"": ""OK"", ""passedTestCount"": 49, ""timeConsumedMillis"": 92, ""memoryConsumedBytes"": 0}"
https://codeforces.com/problemset/problem/977/B,"['implementation', 'strings']",PROGRAMMING,900,977,B,"Description:


Two-gram is an ordered pair (i.e. string of length two) of capital Latin letters. For example, "" AZ "", "" AA "", "" ZA "" — three distinct two-grams.
 You are given a string  s consisting of  n capital Latin letters. Your task is to find any two-gram contained in the given string as a substring (i.e. two consecutive characters of the string) maximal number of times. For example, for string  s = "" BBAABBBA "" the answer is two-gram "" BB "", which contained in  s three times. In other words, find any most frequent two-gram.
 Note that occurrences of the two-gram can overlap with each other.

Input
 The first line of the input contains integer number  n (  2 ≤ n ≤ 100 ) — the length of string  s . The second line of the input contains the string  s consisting of  n capital Latin letters.

Output
 Print the only line containing exactly two capital Latin letters — any two-gram contained in the given string  s  as a substring (i.e. two consecutive characters of the string) maximal number of times.

Examples
Input
7

ABACABA
Output
AB
Input
5

ZZZAA
Output
ZZ

Note
 In the first example "" BA "" is also valid answer.
 In the second example the only two-gram "" ZZ "" can be printed because it contained in the string "" ZZZAA "" two times.","```python
n = int(input())
s = input()

two_grams = {}
for i in range(n - 1):
    t = s[i:i+2]
    if t not in two_grams:
        two_grams[t] = 0
    two_grams[t] += 1

max_count = max(two_grams.values())
result = [k for k, v in two_grams.items() if v == max_count]

print(result[0])
```","```python
n = int(input())
s = input()

two_grams = [s[i:i+2] for i in range(n-1)]
count = {}

for gram in two_grams:
    if gram in count:
        count[gram] += 1
    else:
        count[gram] = 1

max_gram = max(count, key=count.get)
print(max_gram)
```","```python
n = int(input())
s = input()
two_grams = {}

for i in range(n - 1):
    two_gram = s[i:i+2]
    if two_gram in two_grams:
        two_grams[two_gram] += 1
    else:
        two_grams[two_gram] = 1

max_count = max(two_grams.values())
for key, value in two_grams.items():
    if value == max_count:
        print(key)
        break
```","{""verdict"": ""OK"", ""passedTestCount"": 22, ""timeConsumedMillis"": 92, ""memoryConsumedBytes"": 0}","{""verdict"": ""OK"", ""passedTestCount"": 22, ""timeConsumedMillis"": 62, ""memoryConsumedBytes"": 0}","{""verdict"": ""OK"", ""passedTestCount"": 22, ""timeConsumedMillis"": 62, ""memoryConsumedBytes"": 0}"
https://codeforces.com/problemset/problem/149/A,"['greedy', 'implementation', 'sortings']",PROGRAMMING,900,149,A,"Description:


What joy! Petya's parents went on a business trip for the whole year and the playful kid is left all by himself. Petya got absolutely happy. He jumped on the bed and threw pillows all day long, until...
 Today Petya opened the cupboard and found a scary note there. His parents had left him with duties: he should water their favourite flower all year, each day, in the morning, in the afternoon and in the evening. ""Wait a second!"" — thought Petya. He know for a fact that if he fulfills the parents' task in the i -th ( 1 ≤ i ≤ 12 ) month of the year, then the flower will grow by a i centimeters, and if he doesn't water the flower in the i -th month, then the flower won't grow this month. Petya also knows that try as he might, his parents won't believe that he has been watering the flower if it grows strictly less than by k centimeters.
 Help Petya choose the minimum number of months when he will water the flower, given that the flower should grow no less than by k centimeters.

Input
 The first line contains exactly one integer k ( 0 ≤ k ≤ 100 ). The next line contains twelve space-separated integers: the i -th ( 1 ≤ i ≤ 12 ) number in the line represents a i ( 0 ≤ a i ≤ 100 ).

Output
 Print the only integer — the minimum number of months when Petya has to water the flower so that the flower grows no less than by k centimeters. If the flower can't grow by k centimeters in a year, print -1 .

Examples
Input
5

1 1 1 1 2 2 3 2 2 1 1 1
Output
2
Input
0

0 0 0 0 0 0 0 1 1 2 3 0
Output
0
Input
11

1 1 4 1 1 5 1 1 4 1 1 1
Output
3

Note
 Let's consider the first sample test. There it is enough to water the flower during the seventh and the ninth month. Then the flower grows by exactly five centimeters.
 In the second sample Petya's parents will believe him even if the flower doesn't grow at all ( k = 0 ). So, it is possible for Petya not to water the flower at all.","```python
k = int(input())
growth = list(map(int, input().split()))
growth.sort(reverse=True)

total_growth = 0
months_needed = 0

while total_growth < k and growth:
    total_growth += growth.pop(0)
    months_needed += 1

if total_growth >= k:
    print(months_needed)
else:
    print(-1)
```","```python
def main():
    import sys
    input = sys.stdin.read
    data = input().split()
    
    k = int(data[0])
    a = list(map(int, data[1:]))
    a.sort(reverse=True)
    
    total_growth = 0
    months_needed = 0
    
    for growth in a:
        if total_growth >= k:
            break
        total_growth += growth
        months_needed += 1
    
    print(months_needed if total_growth >= k else -1)

if __name__ == ""__main__"":
    main()
```","```python
k = int(input())
growth = sorted(map(int, input().split()), reverse=True)
total_growth = 0
months_needed = -1

for i in range(len(growth)):
    total_growth += growth[i]
    if total_growth >= k:
        months_needed = i + 1
        break

print(months_needed)
```","{""verdict"": ""WRONG_ANSWER"", ""passedTestCount"": 1, ""timeConsumedMillis"": 154, ""memoryConsumedBytes"": 0}","{""verdict"": ""OK"", ""passedTestCount"": 39, ""timeConsumedMillis"": 154, ""memoryConsumedBytes"": 0}","{""verdict"": ""OK"", ""passedTestCount"": 39, ""timeConsumedMillis"": 124, ""memoryConsumedBytes"": 0}"
https://codeforces.com/problemset/problem/320/A,"['brute force', 'greedy']",PROGRAMMING,900,320,A,"Description:


A magic number is a number formed by concatenation of numbers 1 , 14 and 144 . We can use each of these numbers any number of times. Therefore 14144 , 141414 and 1411 are magic numbers but 1444 , 514 and 414 are not.
 You're given a number. Determine if it is a magic number or not.

Input
 The first line of input contains an integer n , (1 ≤ n ≤ 10 9 ) . This number doesn't contain leading zeros.

Output
 Print "" YES "" if n is a magic number or print "" NO "" if it's not.

Examples
Input
114114
Output
YES
Input
1111
Output
YES
Input
441231
Output
NO","```python
n = input()
while n:
    if n[-3:] == ""144"":
        n = n[:-3]
    elif n[-2:] == ""14"":
        n = n[:-2]
    elif n[-1:] == ""1"":
        n = n[:-1]
    else:
        break

print(""YES"" if not n else ""NO"")
```","```python
import sys

def main():
    n = input().strip()
    while n:
        if n.endswith('144'):
            n = n[:-3]
        elif n.endswith('14'):
            n = n[:-2]
        elif n.endswith('1'):
            n = n[:-1]
        else:
            print(""NO"")
            return
    print(""YES"")

if __name__ == ""__main__"":
    main()
```","```python
def check_magic_number():
    s = input().strip()
    while s:
        if s.endswith('144'):
            s = s[:-3]
        elif s.endswith('14'):
            s = s[:-2]
        elif s.endswith('1'):
            s = s[:-1]
        else:
            print(""NO"")
            return
    print(""YES"")

check_magic_number()
```","{""verdict"": ""OK"", ""passedTestCount"": 47, ""timeConsumedMillis"": 154, ""memoryConsumedBytes"": 102400}","{""verdict"": ""OK"", ""passedTestCount"": 47, ""timeConsumedMillis"": 154, ""memoryConsumedBytes"": 0}","{""verdict"": ""OK"", ""passedTestCount"": 47, ""timeConsumedMillis"": 154, ""memoryConsumedBytes"": 0}"
https://codeforces.com/problemset/problem/1335/B,['constructive algorithms'],PROGRAMMING,900,1335,B,"Description:


You are given three positive integers  n ,  a and  b . You have to construct a string  s of length  n consisting of lowercase Latin letters such that each substring of length  a has exactly   b distinct letters. It is guaranteed that the answer exists.
 You have to answer  t independent test cases.
 Recall that the substring  s [ l … r ] is the string  s l , s l + 1 , … , s r and its length is  r − l + 1 . In this problem you are only interested in substrings of length  a .

Input
 The first line of the input contains one integer  t (  1 ≤ t ≤ 2000 ) — the number of test cases. Then  t test cases follow.
 The only line of a test case contains three space-separated integers  n ,  a and  b (  1 ≤ a ≤ n ≤ 2000 , 1 ≤ b ≤ min ( 26 , a ) ), where  n is the length of the required string,  a is the length of a substring and  b is the required number of distinct letters in each substring of length  a .
 It is guaranteed that the sum of  n over all test cases does not exceed  2000 (  ∑ n ≤ 2000 ).

Output
 For each test case, print the answer — such a string  s of length  n consisting of lowercase Latin letters that each substring of length  a has exactly   b distinct letters. If there are multiple valid answers, print any of them. It is guaranteed that the answer exists.

Example
Input
4
7 5 3
6 1 1
6 6 1
5 2 2
Output
tleelte
qwerty
vvvvvv
abcde

Note
 In the first test case of the example, consider all the substrings of length  5 :
 "" tleel "": it contains  3 distinct (unique) letters, "" leelt "": it contains  3 distinct (unique) letters, "" eelte "": it contains  3 distinct (unique) letters.","```python
def main():
    import sys
    input = sys.stdin.read
    data = input().split()
    
    index = 0
    t = int(data[index])
    index += 1
    
    results = []
    
    for _ in range(t):
        n = int(data[index])
        a = int(data[index + 1])
        b = int(data[index + 2])
        index += 3
        
        s = ''.join(chr(97 + i % b) for i in range(n))
        results.append(s)
    
    for result in results:
        print(result)

if __name__ == ""__main__"":
    main()
```","```python
def construct_string(n, a, b):
    return ''.join(chr(ord('a') + i % b) for i in range(n))

t = int(input())
for _ in range(t):
    n, a, b = map(int, input().split())
    print(construct_string(n, a, b))
```","```python
import sys

def generate_string(n, a, b):
    return ''.join(chr(ord('a') + i % b) for i in range(n))

if __name__ == ""__main__"":
    t = int(input().strip())
    results = []
    for _ in range(t):
        n, a, b = map(int, input().strip().split())
        results.append(generate_string(n, a, b))
    
    sys.stdout.write(""\n"".join(results) + ""\n"")
```","{""verdict"": ""OK"", ""passedTestCount"": 24, ""timeConsumedMillis"": 77, ""memoryConsumedBytes"": 0}","{""verdict"": ""OK"", ""passedTestCount"": 24, ""timeConsumedMillis"": 77, ""memoryConsumedBytes"": 0}","{""verdict"": ""OK"", ""passedTestCount"": 24, ""timeConsumedMillis"": 77, ""memoryConsumedBytes"": 0}"
https://codeforces.com/problemset/problem/1850/D,"['brute force', 'greedy', 'implementation', 'sortings']",PROGRAMMING,900,1850,D,"Description:


You are the author of a Codeforces round and have prepared  n problems you are going to set, problem  i having difficulty  a i . You will do the following process:
 remove some (possibly zero) problems from the list; rearrange the remaining problems in any order you wish.
 A round is considered balanced if and only if the absolute difference between the difficulty of any two consecutive problems is at most  k (less or equal than  k ).
 What is the minimum number of problems you have to remove so that an arrangement of problems is balanced?

Input
 The first line contains a single integer  t (  1 ≤ t ≤ 1000 ) — the number of test cases.
 The first line of each test case contains two positive integers  n (  1 ≤ n ≤ 2 ⋅ 10 5 ) and  k (  1 ≤ k ≤ 10 9 ) — the number of problems, and the maximum allowed absolute difference between consecutive problems.
 The second line of each test case contains  n space-separated integers  a i (  1 ≤ a i ≤ 10 9 ) — the difficulty of each problem.
 Note that the sum of  n over all test cases doesn't exceed  2 ⋅ 10 5 .

Output
 For each test case, output a single integer — the minimum number of problems you have to remove so that an arrangement of problems is balanced.

Example
Input
7
5 1
1 2 4 5 6
1 2
10
8 3
17 3 1 20 12 5 17 12
4 2
2 4 6 8
5 3
2 3 19 10 8
3 4
1 10 5
8 1
8 3 1 4 5 10 7 3
Output
2
0
5
0
3
1
4

Note
 For the first test case, we can remove the first  2 problems and construct a set using problems with the difficulties  [ 4 , 5 , 6 ] , with difficulties between adjacent problems equal to  | 5 − 4 | = 1 ≤ 1 and  | 6 − 5 | = 1 ≤ 1 .
 For the second test case, we can take the single problem and compose a round using the problem with difficulty  10 .","```python
import sys

def main():
    input = sys.stdin.read
    data = input().split()
    
    index = 0
    t = int(data[index])
    index += 1
    
    results = []
    
    for _ in range(t):
        n = int(data[index])
        k = int(data[index + 1])
        index += 2
        
        difficulties = list(map(int, data[index:index + n]))
        index += n
        
        difficulties.sort()
        
        max_balanced = 0
        current_count = 1
        
        for i in range(1, n):
            if abs(difficulties[i] - difficulties[i - 1]) <= k:
                current_count += 1
            else:
                max_balanced = max(max_balanced, current_count)
                current_count = 1
                
        max_balanced = max(max_balanced, current_count)
        
        results.append(n - max_balanced)
    
    sys.stdout.write(""\n"".join(map(str, results)) + ""\n"")

if __name__ == ""__main__"":
    main()
```","```python
import sys

def read_input():
    input = sys.stdin.read
    data = input().split()
    
    idx = 0
    t = int(data[idx])
    idx += 1
    
    test_cases = []
    
    for _ in range(t):
        n = int(data[idx])
        k = int(data[idx + 1])
        difficulties = list(map(int, data[idx + 2:idx + 2 + n]))
        idx += 2 + n
        test_cases.append((n, k, difficulties))
        
    return test_cases

def min_removals_to_balance(n, k, a):
    from itertools import groupby
    
    # Sort the difficulties
    a.sort()
    
    # Find all valid segments where |a[i] - a[j]| <= k for i < j within the segment
    segments = []
    current_segment = [a[0]]
    
    for i in range(1, n):
        if a[i] - current_segment[-1] <= k:
            current_segment.append(a[i])
        else:
            segments.append(current_segment)
            current_segment = [a[i]]
    
    if current_segment:
        segments.append(current_segment)
    
    # Find the longest segment
    max_len = max(len(segment) for segment in segments)
    
    return n - max_len

def main():
    test_cases = read_input()
    results = []
    
    for n, k, a in test_cases:
        result = min_removals_to_balance(n, k, a)
        results.append(result)
    
    sys.stdout.write(""\n"".join(map(str, results)) + ""\n"")

if __name__ == ""__main__"":
    main()
```","```python
import sys

def min_removals_to_balance():
    input = sys.stdin.read
    data = input().split()
    
    index = 0
    t = int(data[index])
    index += 1
    results = []
    
    for _ in range(t):
        n = int(data[index])
        k = int(data[index + 1])
        index += 2
        
        difficulties = list(map(int, data[index:index + n]))
        index += n
        
        # Sort the difficulties to find maximum consecutive sequence
        sorted_difficulties = sorted(difficulties)
        
        max_consecutive = 0
        current_streak = 1
        
        for i in range(1, n):
            if sorted_difficulties[i] - sorted_difficulties[i - 1] <= k:
                current_streak += 1
            else:
                max_consecutive = max(max_consecutive, current_streak)
                current_streak = 1
                
        max_consecutive = max(max_consecutive, current_streak)
        
        # Number of problems to remove is total problems minus the maximum consecutive sequence
        results.append(n - max_consecutive)
    
    for result in results:
        print(result)

min_removals_to_balance()
```","{""verdict"": ""OK"", ""passedTestCount"": 18, ""timeConsumedMillis"": 234, ""memoryConsumedBytes"": 27443200}","{""verdict"": ""OK"", ""passedTestCount"": 18, ""timeConsumedMillis"": 249, ""memoryConsumedBytes"": 27750400}","{""verdict"": ""OK"", ""passedTestCount"": 18, ""timeConsumedMillis"": 234, ""memoryConsumedBytes"": 27443200}"
https://codeforces.com/problemset/problem/1624/B,"['implementation', 'math']",PROGRAMMING,900,1624,B,"Description:


Polycarp has  3 positive integers  a ,  b and  c . He can perform the following operation exactly once .
 Choose a positive integer  m and multiply exactly one of the integers  a ,  b or  c by  m .
 Can Polycarp make it so that after performing the operation, the sequence of three numbers  a ,  b ,  c ( in this order ) forms an arithmetic progression ? Note that you cannot change the order of  a ,  b and  c .
 Formally, a sequence  x 1 , x 2 , … , x n is called an arithmetic progression (AP) if there exists a number  d (called ""common difference"") such that  x i + 1 = x i + d for all  i from  1 to  n − 1 . In this problem,  n = 3 .
 For example, the following sequences are AP:  [ 5 , 10 , 15 ] ,  [ 3 , 2 , 1 ] ,  [ 1 , 1 , 1 ] , and  [ 13 , 10 , 7 ] . The following sequences are not AP:  [ 1 , 2 , 4 ] ,  [ 0 , 1 , 0 ] and  [ 1 , 3 , 2 ] .
 You need to answer  t independent test cases.

Input
 The first line contains the number  t (  1 ≤ t ≤ 10 4 ) — the number of test cases.
 Each of the following  t lines contains  3 integers  a ,  b ,  c (  1 ≤ a , b , c ≤ 10 8 ).

Output
 For each test case print ""YES"" (without quotes) if Polycarp can choose a positive integer  m and multiply exactly one of the integers  a ,  b or  c by  m to make  [ a , b , c ] be an arithmetic progression. Print ""NO"" (without quotes) otherwise.
 You can print YES and NO in any (upper or lower) case (for example, the strings yEs , yes , Yes and YES will be recognized as a positive answer).

Example
Input
11
10 5 30
30 5 10
1 2 3
1 6 3
2 6 3
1 1 1
1 1 2
1 1 3
1 100000000 1
2 1 1
1 2 2
Output
YES
YES
YES
YES
NO
YES
NO
YES
YES
NO
YES

Note
 In the first and second test cases, you can choose the number  m = 4 and multiply the second number (  b = 5 ) by  4 .
 In the first test case the resulting sequence will be  [ 10 , 20 , 30 ] . This is an AP with a difference  d = 10 .
 In the second test case the resulting sequence will be  [ 30 , 20 , 10 ] . This is an AP with a difference  d = − 10 .
 In the third test case, you can choose  m = 1 and multiply any number by  1 . The resulting sequence will be  [ 1 , 2 , 3 ] . This is an AP with a difference  d = 1 .
 In the fourth test case, you can choose  m = 9 and multiply the first number (  a = 1 ) by  9 . The resulting sequence will be  [ 9 , 6 , 3 ] . This is an AP with a difference  d = − 3 .
 In the fifth test case, it is impossible to make an AP.","```python
def solve():
    t = int(input())
    for _ in range(t):
        a, b, c = map(int, input().split())
        
        # Check if (2*b - a) > 0 and is divisible by c
        if ((2 * b - a) % c == 0) and ((2 * b - a) > 0):
            print(""YES"")
        # Check if (c + b) is even, (c + b) / 2 - a > 0 and is divisible by b
        elif (((c + b) // 2) % a == 0) and ((c + b) // 2 > a):
            print(""YES"")
        # Check if (2 * c - b) is divisible by a and (2 * c - b) > 0
        elif ((2 * c - b) % a == 0) and ((2 * c - b) > 0):
            print(""YES"")
        else:
            print(""NO"")

solve()
```","```python
def can_form_ap(a, b, c):
    return (2 * b - a > 0 and (2 * b - a) % c == 0) or \
           ((a + c) % 2 == 0 and (a + c) // 2 > 0 and (a + c) // 2 % b == 0) or \
           (2 * b - c > 0 and (2 * b - c) % a == 0)

t = int(input())
for _ in range(t):
    a, b, c = map(int, input().split())
    print(""YES"" if can_form_ap(a, b, c) else ""NO"")
```","```python
for _ in range(int(input())):
    a, b, c = map(int, input().split())
    if (2 * b - c > 0 and (2 * b - c) % a == 0) or ((a + c) / 2.0).is_integer():
        print(""YES"")
    elif (2 * b - a > 0 and (2 * b - a) % c == 0) or ((b + c) / 2.0).is_integer():
        print(""YES"")
    elif (c + a) / 2.0 > b and (c + a - 2 * b) % b == 0:
        print(""YES"")
    else:
        print(""NO"")
```","{""verdict"": ""WRONG_ANSWER"", ""passedTestCount"": 0, ""timeConsumedMillis"": 61, ""memoryConsumedBytes"": 0}","{""verdict"": ""OK"", ""passedTestCount"": 20, ""timeConsumedMillis"": 140, ""memoryConsumedBytes"": 0}","{""verdict"": ""WRONG_ANSWER"", ""passedTestCount"": 0, ""timeConsumedMillis"": 61, ""memoryConsumedBytes"": 0}"
https://codeforces.com/problemset/problem/1373/B,['games'],PROGRAMMING,900,1373,B,"Description:


Alica and Bob are playing a game.
 Initially they have a binary string  s consisting of only characters 0 and 1 .
 Alice and Bob make alternating moves: Alice makes the first move, Bob makes the second move, Alice makes the third one, and so on. During each move, the current player must choose two different adjacent characters of string  s and delete them. For example, if  s = 1011001 then the following moves are possible:
 delete  s 1 and  s 2 :  10 11001 → 11001 ; delete  s 2 and  s 3 :  1 01 1001 → 11001 ; delete  s 4 and  s 5 :  101 10 01 → 10101 ; delete  s 6 and  s 7 :  10110 01 → 10110 .
 If a player can't make any move, they lose. Both players play optimally. You have to determine if Alice can win.

Input
 First line contains one integer  t (  1 ≤ t ≤ 1000 ) — the number of test cases.
 Only line of each test case contains one string  s (  1 ≤ | s | ≤ 100 ), consisting of only characters 0 and 1 .

Output
 For each test case print answer in the single line.
 If Alice can win print DA (YES in Russian) in any register. Otherwise print NET (NO in Russian) in any register.

Example
Input
3
01
1111
0011
Output
DA
NET
NET

Note
 In the first test case after Alice's move string  s become empty and Bob can not make any move.
 In the second test case Alice can not make any move initially.
 In the third test case after Alice's move string  s turn into  01 . Then, after Bob's move string  s become empty and Alice can not make any move.","```python
def can_alice_win(t, cases):
    results = []
    for s in cases:
        zero_count = s.count('0')
        one_count = len(s) - zero_count
        min_count = min(zero_count, one_count)
        
        if min_count % 2 == 1:
            results.append(""DA"")
        else:
            results.append(""NET"")
    
    return results

# Reading input
t = int(input().strip())
cases = [input().strip() for _ in range(t)]

# Processing and outputting the results
results = can_alice_win(t, cases)
for result in results:
    print(result)
```","```python
def main():
    import sys
    input = sys.stdin.read
    data = input().split()
    
    t = int(data[0])
    index = 1
    
    results = []
    for _ in range(t):
        s = data[index]
        index += 1
        
        # Count the number of '01' and '10' pairs
        count_01 = s.count('01')
        count_10 = s.count('10')
        
        # Minimum number of such pairs that can be removed
        min_pairs = min(count_01, count_10)
        
        # If the minimum number of pairs is odd, Alice wins; otherwise, Bob wins
        if min_pairs % 2 == 1:
            results.append(""DA"")
        else:
            results.append(""NET"")
    
    # Print all results
    for result in results:
        print(result)

if __name__ == ""__main__"":
    main()
```","```python
def alice_wins():
    for _ in range(int(input())):
        s = input()
        print(""DA"" if min(s.count('0'), s.count('1')) % 2 else ""NET"")

alice_wins()
```","{""verdict"": ""OK"", ""passedTestCount"": 10, ""timeConsumedMillis"": 93, ""memoryConsumedBytes"": 0}","{""verdict"": ""WRONG_ANSWER"", ""passedTestCount"": 0, ""timeConsumedMillis"": 31, ""memoryConsumedBytes"": 0}","{""verdict"": ""OK"", ""passedTestCount"": 10, ""timeConsumedMillis"": 77, ""memoryConsumedBytes"": 0}"
https://codeforces.com/problemset/problem/1985/D,"['implementation', 'math']",PROGRAMMING,900,1985,D,"Description:


Given a  n by  m grid consisting of '.' and '#' characters, there exists a whole manhattan circle on the grid. The top left corner of the grid has coordinates  ( 1 , 1 ) , and the bottom right corner has coordinates  ( n , m ) .
 Point (  a , b ) belongs to the manhattan circle centered at (  h , k ) if  | h − a | + | k − b | < r , where  r is a positive constant.
 On the grid, the set of points that are part of the manhattan circle is marked as '#'. Find the coordinates of the center of the circle.

Input
 The first line contains  t (  1 ≤ t ≤ 1000 )  — the number of test cases.
 The first line of each test case contains  n and  m (  1 ≤ n ⋅ m ≤ 2 ⋅ 10 5 ) — the height and width of the grid, respectively.
 The next  n lines contains  m characters '.' or '#'. If the character is '#', then the point is part of the manhattan circle.
 It is guaranteed the sum of  n ⋅ m over all test cases does not exceed  2 ⋅ 10 5 , and there is a whole manhattan circle on the grid.

Output
 For each test case, output the two integers, the coordinates of the center of the circle.

Example
Input
6
5 5
.....
.....
..#..
.....
.....
5 5
..#..
.###.
#####
.###.
..#..
5 6
......
......
.#....
###...
.#....
1 1
#
5 6
...#..
..###.
.#####
..###.
...#..
2 10
..........
...#......
Output
3 3
3 3
4 2
1 1
3 4
2 4","```python
import sys

input = sys.stdin.read
data = input().split()

t_index = 0
output = []

def find_center(t, data):
    global t_index
    results = []
    
    for _ in range(t):
        n = int(data[t_index])
        m = int(data[t_index + 1])
        t_index += 2
        
        grid = []
        for i in range(n):
            grid.append(data[t_index])
            t_index += 1
        
        found = False
        for y in range(n):
            if not found:
                for x in range(m):
                    if grid[y][x] == '#':
                        possible_centers = [
                            (x, y),
                            (x + y - m + 1, y),
                            (x, x + n - y - 1),
                            (x + y - m + 1, x + n - y - 1)
                        ]
                        
                        for cx, cy in possible_centers:
                            valid = True
                            for i in range(n):
                                for j in range(m):
                                    if grid[i][j] == '#' and abs(cx - j) + abs(cy - i) >= r:
                                        valid = False
                                        break
                                if not valid:
                                    break
                            
                            if valid:
                                results.append((cx+1, cy+1))
                                found = True
                                break
                        if found:
                            break
    
    return results

idx = 0
t = int(data[idx])
idx += 1
results = find_center(t, data)

for result in results:
    print(result[0], result[1])
```","```python
def solve():
    t = int(input())
    for _ in range(t):
        n, m = map(int, input().split())
        grid = [input() for _ in range(n)]
        
        # Find the first '#' to determine one point on the circle
        for i in range(n):
            for j in range(m):
                if grid[i][j] == '#':
                    x1, y1 = i + 1, j + 1
                    break
            else:
                continue
            break
        
        # Find another '#' to determine another point on the circle
        for i in range(n - 1, -1, -1):
            for j in range(m - 1, -1, -1):
                if grid[i][j] == '#':
                    x2, y2 = i + 1, j + 1
                    break
            else:
                continue
            break
        
        # Calculate the center of the circle using the two points found
        h = (x1 + x2) // 2
        k = (y1 + y2) // 2
        print(h, k)

solve()
```","```python
def find_circle_center():
    import sys
    input = sys.stdin.read
    data = input().split()
    
    index = 0
    t = int(data[index])
    index += 1
    
    results = []
    
    for _ in range(t):
        n = int(data[index])
        m = int(data[index + 1])
        index += 2
        
        grid = []
        for i in range(n):
            grid.append(data[index])
            index += 1
        
        # Find all '#' coordinates
        points = [(i, j) for i in range(n) for j in range(m) if grid[i][j] == '#']
        
        x_sum = sum(p[0] for p in points)
        y_sum = sum(p[1] for p in points)
        
        # Calculate the center
        center_x = x_sum // len(points) + 1
        center_y = y_sum // len(points) + 1
        
        results.append((center_x, center_y))
    
    for result in results:
        print(result[0], result[1])

find_circle_center()
```","{""verdict"": ""OK"", ""passedTestCount"": 10, ""timeConsumedMillis"": 124, ""memoryConsumedBytes"": 8499200}","{""verdict"": ""OK"", ""passedTestCount"": 10, ""timeConsumedMillis"": 265, ""memoryConsumedBytes"": 7372800}","{""verdict"": ""RUNTIME_ERROR"", ""passedTestCount"": 0, ""timeConsumedMillis"": 62, ""memoryConsumedBytes"": 0}"
https://codeforces.com/problemset/problem/115/A,"['dfs and similar', 'graphs', 'trees']",PROGRAMMING,900,115,A,"Description:


A company has n employees numbered from 1 to n . Each employee either has no immediate manager or exactly one immediate manager, who is another employee with a different number. An employee A is said to be the superior of another employee B if at least one of the following is true:
 Employee A is the immediate manager of employee B Employee B has an immediate manager employee C such that employee A is the superior of employee C .
 The company will not have a managerial cycle. That is, there will not exist an employee who is the superior of his/her own immediate manager.
 Today the company is going to arrange a party. This involves dividing all n employees into several groups: every employee must belong to exactly one group. Furthermore, within any single group, there must not be two employees A and B such that A is the superior of B .
 What is the minimum number of groups that must be formed?

Input
 The first line contains integer n ( 1 ≤ n ≤ 2000 ) — the number of employees.
 The next n lines contain the integers p i ( 1 ≤ p i ≤ n or p i = -1). Every p i denotes the immediate manager for the i -th employee. If p i is -1, that means that the i -th employee does not have an immediate manager.
 It is guaranteed, that no employee will be the immediate manager of him/herself ( p i ≠ i ). Also, there will be no managerial cycles.

Output
 Print a single integer denoting the minimum number of groups that will be formed in the party.

Examples
Input
5

-1

1

2

1

-1
Output
3

Note
 For the first example, three groups are sufficient, for example:
 Employee 1 Employees 2 and 4 Employees 3 and 5","```python
def main():
    import sys
    input = sys.stdin.read
    data = input().split()
    
    n = int(data[0])
    p = list(map(int, data[1:]))
    
    def superior_count(i):
        count = 0
        while i != -2:
            i = p[i] - 1
            count += 1
        return count
    
    print(max(superior_count(i) for i in range(n)))

if __name__ == ""__main__"":
    main()
```","```python
def find_depth(employee, managers):
    depth = 0
    while employee != -1:
        employee = managers[employee]
        depth += 1
    return depth

n = int(input())
managers = [-2] + [int(input()) - 1 for _ in range(n)]
print(max(find_depth(i, managers) for i in range(1, n + 1)))
```","```python
import sys
input = sys.stdin.read

def minimum_groups():
    data = input().split()
    n = int(data[0])
    p = list(map(int, data[1:n+1]))

    def get_depth(i):
        depth = 0
        while i != -2:
            i = p[i] - 1
            depth += 1
        return depth

    max_depth = 0
    for i in range(n):
        max_depth = max(max_depth, get_depth(i))

    print(max_depth + 1)

minimum_groups()
```","{""verdict"": ""WRONG_ANSWER"", ""passedTestCount"": 0, ""timeConsumedMillis"": 122, ""memoryConsumedBytes"": 0}","{""verdict"": ""TIME_LIMIT_EXCEEDED"", ""passedTestCount"": 0, ""timeConsumedMillis"": 3000, ""memoryConsumedBytes"": 0}","{""verdict"": ""OK"", ""passedTestCount"": 106, ""timeConsumedMillis"": 436, ""memoryConsumedBytes"": 0}"
https://codeforces.com/problemset/problem/1807/D,"['data structures', 'implementation']",PROGRAMMING,900,1807,D,"Description:


You have an array  a 1 , a 2 , … , a n . Answer  q queries of the following form:
 If we change all elements in the range  a l , a l + 1 , … , a r of the array to  k , will the sum of the entire array be odd?
 independent

Input
 Each test contains multiple test cases. The first line contains the number of test cases  t (  1 ≤ t ≤ 10 4 ). The description of the test cases follows.
 The first line of each test case consists of  2 integers  n and  q (  1 ≤ n ≤ 2 ⋅ 10 5 ;  1 ≤ q ≤ 2 ⋅ 10 5 ) — the length of the array and the number of queries.
 The second line of each test case consists of  n integers  a i (  1 ≤ a i ≤ 10 9 ) — the array  a .
 The next  q lines of each test case consists of  3 integers  l , r , k (  1 ≤ l ≤ r ≤ n ;  1 ≤ k ≤ 10 9 ) — the queries.
 It is guaranteed that the sum of  n over all test cases doesn't exceed  2 ⋅ 10 5 , and the sum of  q doesn't exceed  2 ⋅ 10 5 .

Output
 For each query, output "" YES "" if the sum of the entire array becomes odd, and "" NO "" otherwise.
 You can output the answer in any case (upper or lower). For example, the strings "" yEs "", "" yes "", "" Yes "", and "" YES "" will be recognized as positive responses.

Example
Input
2
5 5
2 2 1 3 2
2 3 3
2 3 4
1 5 5
1 4 9
2 4 3
10 5
1 1 1 1 1 1 1 1 1 1
3 8 13
2 5 10
3 8 10
1 10 2
1 9 100
Output
YES
YES
YES
NO
YES
NO
NO
NO
NO
YES

Note
 For the first test case:
 If the elements in the range  ( 2 , 3 ) would get set to  3 the array would become  { 2 , 3 , 3 , 3 , 2 } , the sum would be  2 + 3 + 3 + 3 + 2 = 13 which is odd, so the answer is "" YES "". If the elements in the range  ( 2 , 3 ) would get set to  4 the array would become  { 2 , 4 , 4 , 3 , 2 } , the sum would be  2 + 4 + 4 + 3 + 2 = 15 which is odd, so the answer is "" YES "". If the elements in the range  ( 1 , 5 ) would get set to  5 the array would become  { 5 , 5 , 5 , 5 , 5 } , the sum would be  5 + 5 + 5 + 5 + 5 = 25 which is odd, so the answer is "" YES "". If the elements in the range  ( 1 , 4 ) would get set to  9 the array would become  { 9 , 9 , 9 , 9 , 2 } , the sum would be  9 + 9 + 9 + 9 + 2 = 38 which is even, so the answer is "" NO "". If the elements in the range  ( 2 , 4 ) would get set to  3 the array would become  { 2 , 3 , 3 , 3 , 2 } , the sum would be  2 + 3 + 3 + 3 + 2 = 13 which is odd, so the answer is "" YES "".","```python
def solve():
    import sys
    input = sys.stdin.read
    data = input().split()
    
    idx = 0
    t = int(data[idx])
    idx += 1
    
    results = []
    
    for _ in range(t):
        n = int(data[idx])
        q = int(data[idx + 1])
        idx += 2
        
        a = list(map(int, data[idx:idx + n]))
        idx += n
        
        prefix_sum = [0] * (n + 1)
        
        for i in range(n):
            prefix_sum[i + 1] = prefix_sum[i] + a[i]
        
        for _ in range(q):
            l = int(data[idx]) - 1
            r = int(data[idx + 1])
            k = int(data[idx + 2])
            idx += 3
            
            original_sum = prefix_sum[n] - (prefix_sum[r] - prefix_sum[l])
            new_sum = original_sum - (prefix_sum[r] - prefix_sum[l]) + k * (r - l)
            
            if new_sum % 2 == 1:
                results.append(""YES"")
            else:
                results.append(""NO"")
    
    print(""\n"".join(results))

if __name__ == ""__main__"":
    solve()
```","```python
def main():
    import sys
    input = sys.stdin.read
    data = input().split()
    
    index = 0
    t = int(data[index])
    index += 1
    
    results = []
    
    for _ in range(t):
        n = int(data[index])
        q = int(data[index + 1])
        index += 2
        
        array = list(map(int, data[index:index + n]))
        index += n
        
        prefix_sum = [0] * (n + 1)
        for i in range(1, n + 1):
            prefix_sum[i] = prefix_sum[i - 1] + array[i - 1]
        
        for _ in range(q):
            l = int(data[index]) - 1
            r = int(data[index + 1])
            k = int(data[index + 2])
            index += 3
            
            current_sum = prefix_sum[n] - (prefix_sum[r] - prefix_sum[l])
            new_sum = current_sum - (r - l) * array[l] + (r - l) * k
            results.append(""YES"" if new_sum % 2 == 1 else ""NO"")
    
    for result in results:
        print(result)

if __name__ == ""__main__"":
    main()
```","```python
def solve():
    import sys
    input = sys.stdin.read
    data = input().split()
    
    index = 0
    t = int(data[index])
    index += 1
    results = []
    
    for _ in range(t):
        n = int(data[index])
        q = int(data[index + 1])
        index += 2
        
        a = list(map(int, data[index:index + n]))
        index += n
        
        prefix_sum = [0] * (n + 1)
        for i in range(n):
            prefix_sum[i + 1] = prefix_sum[i] + a[i]
        
        total_sum = prefix_sum[n]
        
        for _ in range(q):
            l = int(data[index]) - 1
            r = int(data[index + 1])
            k = int(data[index + 2])
            index += 3
            
            current_sum = total_sum - (prefix_sum[r] - prefix_sum[l])
            new_sum = current_sum - (r - l) * a[l] + (r - l) * k
            
            if new_sum % 2 == 1:
                results.append(""YES"")
            else:
                results.append(""NO"")
    
    print(""\n"".join(results))

solve()
```","{""verdict"": ""WRONG_ANSWER"", ""passedTestCount"": 0, ""timeConsumedMillis"": 62, ""memoryConsumedBytes"": 0}","{""verdict"": ""WRONG_ANSWER"", ""passedTestCount"": 0, ""timeConsumedMillis"": 46, ""memoryConsumedBytes"": 0}","{""verdict"": ""WRONG_ANSWER"", ""passedTestCount"": 0, ""timeConsumedMillis"": 46, ""memoryConsumedBytes"": 0}"
https://codeforces.com/problemset/problem/1878/C,['math'],PROGRAMMING,900,1878,C,"Description:


Aca and Milovan, two fellow competitive programmers, decided to give Vasilije a problem to test his skills.
 Vasilije is given three positive integers:  n ,  k , and  x , and he has to determine if he can choose  k distinct integers between  1 and  n , such that their sum is equal to  x .
 Since Vasilije is now in the weirdest city in Serbia where Aca and Milovan live, Cacak, the problem seems weird to him. So he needs your help with this problem.

Input
 The first line contains a single integer  t (  1 ≤ t ≤ 10 4 ) — the number of test cases.
 The only line of each test case contains three integers  n ,  k and  x (  1 ≤ n ≤ 2 ⋅ 10 5 ,  1 ≤ k ≤ n ,  1 ≤ x ≤ 4 ⋅ 10 10 ) — the maximum element he can choose, the number of elements he can choose and the sum he has to reach.
 Note that the sum of  n over all test cases may exceed   2 ⋅ 10 5 .

Output
 For each test case output one line: "" YES "", if it is possible to choose  k distinct integers between  1 and  n , such that their sum is equal to  x , and "" NO "", if it isn't.
 You can output the answer in any case (for example, the strings "" yEs "", "" yes "", "" Yes "", and "" YES "" will be recognized as a positive answer).

Example
Input
12
5 3 10
5 3 3
10 10 55
6 5 20
2 1 26
187856 87856 2609202300
200000 190000 19000000000
28 5 2004
2 2 2006
9 6 40
47202 32455 613407217
185977 145541 15770805980
Output
YES
NO
YES
YES
NO
NO
YES
NO
NO
NO
YES
YES

Note
 In the first test case  n = 5 ,  k = 3 ,  x = 10 , so we can choose the numbers:  2 ,  3 ,  5 , whose sum is  10 , so the answer is "" YES "".
 In the second test case  n = 5 ,  k = 3 ,  x = 3 , there is no three numbers which satisfies the condition, so the answer is "" NO "". It can be shown that there are no three numbers whose sum is  3 .","```python
def solve():
    for _ in range(int(input())):
        n, k, x = map(int, input().split())
        min_sum = k * (k + 1) // 2
        max_sum = k * (n - k + 1)
        print(""YES"" if min_sum <= x <= max_sum else ""NO"")

solve()
```","```python
def solve():
    t = int(input())
    for _ in range(t):
        n, k, x = map(int, input().split())
        min_sum = k * (k + 1) // 2
        max_sum = k * (2 * n - k + 1) // 2
        if min_sum <= x <= max_sum:
            print(""YES"")
        else:
            print(""NO"")

solve()
```","```python
def solve():
    import sys
    input = sys.stdin.read
    data = input().split()
    
    index = 0
    t = int(data[index])
    index += 1
    
    results = []
    
    for _ in range(t):
        n = int(data[index])
        k = int(data[index + 1])
        x = int(data[index + 2])
        index += 3
        
        min_sum = (k * (k + 1)) // 2
        max_sum = (n * (n + 1) - (n - k) * (n - k + 1)) // 2
        
        if min_sum <= x <= max_sum:
            results.append(""YES"")
        else:
            results.append(""NO"")
    
    for result in results:
        print(result)

if __name__ == ""__main__"":
    solve()
```","{""verdict"": ""OK"", ""passedTestCount"": 41, ""timeConsumedMillis"": 124, ""memoryConsumedBytes"": 2252800}","{""verdict"": ""OK"", ""passedTestCount"": 41, ""timeConsumedMillis"": 124, ""memoryConsumedBytes"": 0}","{""verdict"": ""WRONG_ANSWER"", ""passedTestCount"": 0, ""timeConsumedMillis"": 61, ""memoryConsumedBytes"": 0}"
https://codeforces.com/problemset/problem/1337/B,"['greedy', 'implementation', 'math']",PROGRAMMING,900,1337,B,"Description:


Kana was just an ordinary high school girl before a talent scout discovered her. Then, she became an idol. But different from the stereotype, she is also a gameholic.
 One day Kana gets interested in a new adventure game called Dragon Quest . In this game, her quest is to beat a dragon.
 
 The dragon has a hit point of  x initially. When its hit point goes to  0 or under  0 , it will be defeated. In order to defeat the dragon, Kana can cast the two following types of spells.
 Void Absorption  Assume that the dragon's currenthit pointisℎh, aftercastingthis spell itshit pointwill become⌊ℎ2⌋+10⌊h2⌋+10. Here⌊ℎ2⌋⌊h2⌋denotesℎhdivided by two, rounded down. Lightning Strike  This spell will decrease the dragon'shit pointby1010. Assume that the dragon's currenthit pointisℎh, aftercastingthis spell itshit pointwill be lowered toℎ−10h−10.
 Due to some reasons Kana can only cast  no more than   n  Void Absorptions and  m  Lightning Strikes . She can cast the spells in any order and doesn't have to cast all the spells. Kana isn't good at math, so you are going to help her to find out whether it is possible to defeat the dragon.

Input
 The first line contains a single integer  t (  1 ≤ t ≤ 1000 )  — the number of test cases.
 The next  t lines describe test cases. For each test case the only line contains three integers  x ,  n ,  m (  1 ≤ x ≤ 10 5 ,  0 ≤ n , m ≤ 30 )  — the dragon's intitial hit point , the maximum number of Void Absorptions and Lightning Strikes Kana can cast respectively.

Output
 If it is possible to defeat the dragon, print "" YES "" (without quotes). Otherwise, print "" NO "" (without quotes).
 You can print each letter in any case (upper or lower).

Example
Input
7
100 3 4
189 3 4
64 2 3
63 2 3
30 27 7
10 9 1
69117 21 2
Output
YES
NO
NO
YES
YES
YES
YES

Note
 One possible casting sequence of the first test case is shown below:
 Void Absorption   ⌊ 100 2 ⌋ + 10 = 60 . Lightning Strike   60 − 10 = 50 . Void Absorption   ⌊ 50 2 ⌋ + 10 = 35 . Void Absorption   ⌊ 35 2 ⌋ + 10 = 27 . Lightning Strike   27 − 10 = 17 . Lightning Strike   17 − 10 = 7 . Lightning Strike   7 − 10 = − 3 .","```python
def can_defeat_dragon(x, n, m):
    for _ in range(n):
        if x <= (x // 2) + 10:
            break
        x = (x // 2) + 10
    return x - 10 * m <= 0

t = int(input().strip())
for _ in range(t):
    x, n, m = map(int, input().split())
    if can_defeat_dragon(x, n, m):
        print(""YES"")
    else:
        print(""NO"")
```","```python
for _ in range(int(input())):
    x, n, m = map(int, input().split())
    while n > 0 and x // 2 + 10 < x:
        x = x // 2 + 10
        n -= 1
    if x - 10 * m <= 0:
        print(""YES"")
    else:
        print(""NO"")
```","```python
def can_defeat_dragon(x, n, m):
    for _ in range(n):
        if x > 20:
            x = (x // 2) + 10
        else:
            break
    return x <= 10 * m

t = int(input())
for _ in range(t):
    x, n, m = map(int, input().split())
    print(""YES"" if can_defeat_dragon(x, n, m) else ""NO"")
```","{""verdict"": ""OK"", ""passedTestCount"": 18, ""timeConsumedMillis"": 78, ""memoryConsumedBytes"": 0}","{""verdict"": ""OK"", ""passedTestCount"": 18, ""timeConsumedMillis"": 93, ""memoryConsumedBytes"": 0}","{""verdict"": ""OK"", ""passedTestCount"": 18, ""timeConsumedMillis"": 93, ""memoryConsumedBytes"": 0}"
https://codeforces.com/problemset/problem/1883/B,['strings'],PROGRAMMING,900,1883,B,"Description:


You are given a string  s of length  n , consisting of lowercase Latin letters, and an integer  k .
 You need to check if it is possible to remove exactly   k characters from the string  s in such a way that the remaining characters can be rearranged to form a palindrome. Note that you can reorder the remaining characters in any way.
 A palindrome is a string that reads the same forwards and backwards. For example, the strings "" z "", "" aaa "", "" aba "", "" abccba "" are palindromes, while the strings "" codeforces "", "" reality "", "" ab "" are not.

Input
 Each test consists of multiple test cases. The first line contains a single integer  t (  1 ≤ t ≤ 10 4 ) — the number of the test cases. This is followed by their description.
 The first line of each test case contains two integers  n and  k (  0 ≤ k < n ≤ 10 5 ) — the length of the string  s and the number of characters to be deleted.
 The second line of each test case contains a string  s of length  n , consisting of lowercase Latin letters.
 It is guaranteed that the sum of  n over all test cases does not exceed  2 ⋅ 10 5 .

Output
 For each test case, output "" YES "" if it is possible to remove exactly  k characters from the string  s in such a way that the remaining characters can be rearranged to form a palindrome, and "" NO "" otherwise.
 You can output the answer in any case (uppercase or lowercase). For example, the strings "" yEs "", "" yes "", "" Yes "", and "" YES "" will be recognized as positive answers.

Example
Input
14
1 0
a
2 0
ab
2 1
ba
3 1
abb
3 2
abc
6 2
bacacd
6 2
fagbza
6 2
zwaafa
7 2
taagaak
14 3
ttrraakkttoorr
5 3
debdb
5 4
ecadc
5 3
debca
5 3
abaac
Output
YES
NO
YES
YES
YES
YES
NO
NO
YES
YES
YES
YES
NO
YES

Note
 In the first test case, nothing can be removed, and the string "" a "" is a palindrome.
 In the second test case, nothing can be removed, but the strings "" ab "" and "" ba "" are not palindromes.
 In the third test case, any character can be removed, and the resulting string will be a palindrome.
 In the fourth test case, one occurrence of the character "" a "" can be removed, resulting in the string "" bb "", which is a palindrome.
 In the sixth test case, one occurrence of the characters "" b "" and "" d "" can be removed, resulting in the string "" acac "", which can be rearranged to the string "" acca "".
 In the ninth test case, one occurrence of the characters "" t "" and "" k "" can be removed, resulting in the string "" aagaa "", which is a palindrome.","```python
import sys
from collections import Counter

def main():
    input = sys.stdin.read
    data = input().splitlines()
    
    index = 0
    t = int(data[index])
    index += 1
    results = []
    
    for _ in range(t):
        n, k = map(int, data[index].split())
        s = data[index + 1]
        index += 2
        
        char_count = Counter(s)
        odd_count = sum(1 for count in char_count.values() if count % 2 != 0)
        
        if odd_count <= k + 1:
            results.append(""YES"")
        else:
            results.append(""NO"")
    
    print(""\n"".join(results))

if __name__ == ""__main__"":
    main()
```","```python
from collections import Counter

def solve():
    for _ in range(int(input())):
        n, k = map(int, input().split())
        s = input()
        c = Counter(s)
        odd_count = sum(1 for count in c.values() if count % 2 == 1)
        
        if k + 1 >= odd_count:
            print(""YES"")
        else:
            print(""NO"")

solve()
```","```python
def check_palindrome_possibility():
    import sys
    input = sys.stdin.read
    data = input().split()
    
    index = 0
    t = int(data[index])
    index += 1
    results = []
    
    for _ in range(t):
        n = int(data[index])
        k = int(data[index + 1])
        index += 2
        s = data[index]
        index += 1
        
        char_count = {}
        for char in s:
            if char in char_count:
                char_count[char] += 1
            else:
                char_count[char] = 1
                
        odd_count = sum(1 for count in char_count.values() if count % 2 != 0)
        
        if odd_count <= k + 1:
            results.append(""YES"")
        else:
            results.append(""NO"")
    
    print(""\n"".join(results))

check_palindrome_possibility()
```","{""verdict"": ""OK"", ""passedTestCount"": 5, ""timeConsumedMillis"": 93, ""memoryConsumedBytes"": 1433600}","{""verdict"": ""OK"", ""passedTestCount"": 5, ""timeConsumedMillis"": 155, ""memoryConsumedBytes"": 204800}","{""verdict"": ""OK"", ""passedTestCount"": 5, ""timeConsumedMillis"": 125, ""memoryConsumedBytes"": 1945600}"
https://codeforces.com/problemset/problem/1941/C,"['dp', 'greedy', 'strings']",PROGRAMMING,900,1941,C,"Description:


Rudolf has a string  s of length  n . Rudolf considers the string  s to be ugly if it contains the substring  † "" pie "" or the substring "" map "", otherwise the string  s will be considered beautiful.
 For example, "" ppiee "", "" mmap "", "" dfpiefghmap "" are ugly strings, while "" mathp "", "" ppiiee "" are beautiful strings.
 Rudolf wants to shorten the string  s by removing some characters to make it beautiful.
 The main character doesn't like to strain, so he asks you to make the string beautiful by removing the minimum number of characters. He can remove characters from any positions in the string (not just from the beginning or end of the string).
 † String  a is a substring of  b if there exists a consecutive segment of characters in string  b equal to  a .

Input
 The first line contains a single integer  t (  1 ≤ t ≤ 10 4 ) — the number of test cases. The descriptions of the test cases follow.
 The first line of each test case contains a single integer  n (  1 ≤ n ≤ 10 6 ) — the length of the string  s .
 The next line of each test case contains the string  s of length  n . The string  s consists of lowercase Latin letters.
 The sum of  n over all test cases does not exceed  10 6 .

Output
 For each test case, output a single integer — the minimum number of characters that need to be deleted to make the string  s beautiful. If the string is initially beautiful, then output  0 .

Example
Input
6
9
mmapnapie
9
azabazapi
8
mappppie
18
mapmapmapmapmapmap
1
p
11
pppiepieeee
Output
2
0
2
6
0
2

Note
 In the first test case, for example, you can delete the  4 th and  9 th characters to make the string beautiful.
 In the second test case, the string is already beautiful.","```python
import sys
input = sys.stdin.read

def min_deletions_to_beautiful(s):
    count_pie = s.count(""pie"")
    count_map = s.count(""map"")

    # Check for overlapping substrings ""pime"" or ""maap""
    overlap_count = 0
    i = 0
    while i <= len(s) - 5:
        if s[i:i+5] == ""pime"":
            overlap_count += 1
            i += 4  # Move to the end of this substring
        elif s[i:i+5] == ""maap"":
            overlap_count += 1
            i += 4  # Move to the end of this substring
        else:
            i += 1

    return count_pie + count_map - overlap_count

def main():
    data = input().split()
    index = 0
    t = int(data[index])
    index += 1
    results = []
    
    for _ in range(t):
        n = int(data[index])
        s = data[index + 1]
        index += 2
        
        result = min_deletions_to_beautiful(s)
        results.append(result)
        
    sys.stdout.write(""\n"".join(map(str, results)) + ""\n"")

if __name__ == ""__main__"":
    main()
```","```python
import sys
input = sys.stdin.read

def min_deletions(s):
    pie_count = s.count(""pie"")
    map_count = s.count(""map"")
    
    # Count occurrences of ""mapie"" which can be handled by removing one character
    mapie_count = s.count(""mapie"")
    mapie_count += s.count(""pmap"")  # ""pmap"" can also be transformed to remove both ""pie"" and ""map""
    
    return pie_count + map_count - mapie_count

def main():
    data = input().split()
    index = 0
    t = int(data[index])
    index += 1
    results = []
    
    for _ in range(t):
        n = int(data[index])
        s = data[index + 1]
        index += 2
        results.append(min_deletions(s))
    
    for result in results:
        print(result)

if __name__ == ""__main__"":
    main()
```","```python
def min_deletions_to_beautiful():
    import sys
    input = sys.stdin.read
    data = input().split()
    
    index = 0
    t = int(data[index])
    index += 1
    
    results = []
    for _ in range(t):
        n = int(data[index])
        s = data[index + 1]
        index += 2
        
        count_pie = s.count(""pie"")
        count_map = s.count(""map"")
        
        # Count overlapping ""mapie""
        count_mapie = sum(1 for i in range(n - 3) if s[i:i+4] == ""mapie"")
        
        result = count_pie + count_map - count_mapie
        results.append(result)
    
    for res in results:
        print(res)

min_deletions_to_beautiful()
```","{""verdict"": ""WRONG_ANSWER"", ""passedTestCount"": 1, ""timeConsumedMillis"": 61, ""memoryConsumedBytes"": 819200}",,
https://codeforces.com/problemset/problem/1971/C,['implementation'],PROGRAMMING,900,1971,C,"Description:


There is a clock labeled with the numbers  1 through  12 in clockwise order, as shown below.
 In this example,(𝑎,𝑏,𝑐,𝑑)=(2,9,10,6)(a,b,c,d)=(2,9,10,6), and the strings intersect.
 Alice and Bob have four distinct integers  a ,  b ,  c ,  d not more than  12 . Alice ties a red string connecting  a and  b , and Bob ties a blue string connecting  c and  d . Do the strings intersect? (The strings are straight line segments.)

Input
 The first line contains a single integer  t (  1 ≤ t ≤ 5940 ) — the number of test cases.
 The only line of each test case contains four distinct integers  a ,  b ,  c ,  d (  1 ≤ a , b , c , d ≤ 12 ).

Output
 For each test case, output "" YES "" (without quotes) if the strings intersect, and "" NO "" (without quotes) otherwise.
 You can output "" YES "" and "" NO "" in any case (for example, strings "" yEs "", "" yes "", and "" Yes "" will be recognized as a positive response).

Example
Input
15
2 9 10 6
3 8 9 1
1 2 3 4
5 3 4 12
1 8 2 10
3 12 11 8
9 10 12 1
12 1 10 2
3 12 6 9
1 9 8 4
6 7 9 12
7 12 9 6
10 12 11 1
3 9 6 12
1 4 3 5
Output
YES
NO
NO
YES
YES
NO
NO
NO
NO
NO
NO
YES
YES
YES
YES

Note
 The first test case is pictured in the statement.
 In the second test case, the strings do not intersect, as shown below.
 ","```python
def check_intersection(a, b, c, d):
    def between(x, y, z):
        return (y < z and x > y) or (z < y and x < y)
    
    return (between(c, a, d) != between(c, b, d)) and (between(a, c, b) != between(a, d, b))

t = int(input())
for _ in range(t):
    a, b, c, d = map(int, input().split())
    print(""YES"" if check_intersection(min(a, b), max(a, b), min(c, d), max(c, d)) else ""NO"")
```","```python
def check_intersection(a, b, c, d):
    a -= 1
    b -= 1
    c -= 1
    d -= 1

    def between(x, y, z):
        return (x <= y < z) or (z < x <= y) or (y < z < x)

    if between(a, c, b) ^ between(a, d, b) and between(c, a, d) ^ between(c, b, d):
        return ""YES""
    else:
        return ""NO""

t = int(input())
for _ in range(t):
    a, b, c, d = map(int, input().split())
    print(check_intersection(a, b, c, d))
```","```python
def check_intersection(a, b, c, d):
    def ccw(x1, y1, x2, y2, x3, y3):
        return (y2 - y1) * (x3 - x2) > (y3 - y2) * (x2 - x1)

    def intersect(A, B, C, D):
        return ccw(A[0], A[1], C[0], C[1], D[0], D[1]) != ccw(B[0], B[1], C[0], C[1], D[0], D[1]) and ccw(A[0], A[1], B[0], B[1], C[0], C[1]) != ccw(A[0], A[1], B[0], B[1], D[0], D[1])

    def get_point(n):
        import math
        angle = (n - 3) * math.pi / 6
        return (math.cos(angle), math.sin(angle))

    points = [get_point(i) for i in range(1, 13)]
    
    A, B, C, D = points[a-1], points[b-1], points[c-1], points[d-1]
    
    return ""YES"" if intersect(A, B, C, D) else ""NO""

t = int(input().strip())
for _ in range(t):
    a, b, c, d = map(int, input().split())
    print(check_intersection(a, b, c, d))
```",,,
https://codeforces.com/problemset/problem/1927/B,"['constructive algorithms', 'greedy', 'strings']",PROGRAMMING,900,1927,B,"Description:


Polycarp lost the string  s of length  n consisting of lowercase Latin letters, but he still has its trace .
 The trace of the string  s is an array  a of  n integers, where  a i is the number of such indices  j (  j < i ) that  s i = s j . For example, the trace of the string abracadabra is the array [  0 , 0 , 0 , 1 , 0 , 2 , 0 , 3 , 1 , 1 , 4 ].
 Given a trace of a string, find any string  s from which it could have been obtained. The string  s should consist only of lowercase Latin letters a - z .

Input
 The first line of the input contains a single integer  t (  1 ≤ t ≤ 10 4 ) — the number of test cases. Then the descriptions of the test cases follow.
 The first line of each test case contains a single integer  n (  1 ≤ n ≤ 2 ⋅ 10 5 ) — the length of the lost string.
 The second line of each test case contains  n integers  a 1 , a 2 , … , a n (  0 ≤ a i < n ) — the trace of the string. It is guaranteed that for the given trace , there exists a suitable string  s .
 It is guaranteed that the sum of  n over all test cases does not exceed  2 ⋅ 10 5 .

Output
 For each test case, output a string  s that corresponds to the given trace . If there are multiple such strings  s , then output any of them.
 The string  s should consist of lowercase Latin letters a - z .
 It is guaranteed that for each test case, a valid answer exists.

Example
Input
5
11
0 0 0 1 0 2 0 3 1 1 4
10
0 0 0 0 0 1 0 1 1 0
1
0
8
0 1 2 3 4 5 6 7
8
0 0 0 0 0 0 0 0
Output
abracadabra
codeforces
a
aaaaaaaa
dijkstra","```python
def solve():
    n = int(input())
    a = list(map(int, input().split()))
    result = []
    letter_count = [0] * 26
    
    for i in range(n):
        count = a[i]
        char_index = 0
        
        # Find the smallest character index that hasn't been used `count` times
        while letter_count[char_index % 26] >= count:
            char_index += 1
        
        result.append(chr(ord('a') + char_index))
        letter_count[char_index % 26] += 1
    
    print("""".join(result))

t = int(input())
for _ in range(t):
    solve()
```","```python
import sys

def solve():
    input = sys.stdin.read
    data = input().split()
    
    index = 0
    t = int(data[index])
    index += 1
    
    results = []
    
    for _ in range(t):
        n = int(data[index])
        index += 1
        
        a = list(map(int, data[index:index + n]))
        index += n
        
        ans = [''] * n
        letter_count = [0] * 26
        
        for i in range(n):
            available_letters = [chr(j + ord('a')) for j in range(26) if letter_count[j] == a[i]]
            
            # Choose the lexicographically smallest available letter
            chosen_letter = min(available_letters)
            
            ans[i] = chosen_letter
            letter_count[ord(chosen_letter) - ord('a')] += 1
        
        results.append("""".join(ans))
    
    sys.stdout.write(""\n"".join(results) + ""\n"")

if __name__ == ""__main__"":
    solve()
```","```python
def main():
    import sys
    input = sys.stdin.read
    data = input().split()
    
    index = 0
    t = int(data[index])
    index += 1
    
    results = []
    
    for _ in range(t):
        n = int(data[index])
        index += 1
        a = list(map(int, data[index:index + n]))
        index += n
        
        s = [''] * n
        last_occurrence = {}
        
        for i in range(n):
            char_index = (26 - a[i] - sum(1 for j in range(i) if last_occurrence.get(s[j], 0) > a[i])) % 26
            s[i] = chr(ord('a') + char_index)
            last_occurrence[s[i]] = i
        
        results.append("""".join(s))
    
    sys.stdout.write(""\n"".join(results) + ""\n"")

if __name__ == ""__main__"":
    main()
```",,,
https://codeforces.com/problemset/problem/1742/C,['implementation'],PROGRAMMING,900,1742,C,"Description:


On an  8 × 8 grid, some horizontal rows have been painted red, and some vertical columns have been painted blue, in some order. The stripes are drawn sequentially, one after the other. When the stripe is drawn, it repaints all the cells through which it passes.
 Determine which color was used last.
 The red stripe was painted after the blue one, so the answer is R .

Input
 The first line of the input contains a single integer  t (  1 ≤ t ≤ 4000 ) — the number of test cases. The description of test cases follows. There is an empty line before each test case.
 Each test case consists of  8 lines, each containing  8 characters. Each of these characters is either ' R ', ' B ', or ' . ', denoting a red square, a blue square, and an unpainted square, respectively.
 It is guaranteed that the given field is obtained from a colorless one by drawing horizontal red rows and vertical blue columns.
 At least one stripe is painted.

Output
 For each test case, output ' R ' if a red stripe was painted last, and ' B ' if a blue stripe was painted last (without quotes).

Example
Input
4

....B...
....B...
....B...
RRRRRRRR
....B...
....B...
....B...
....B...

RRRRRRRB
B......B
B......B
B......B
B......B
B......B
B......B
RRRRRRRB

RRRRRRBB
.B.B..BB
RRRRRRBB
.B.B..BB
.B.B..BB
RRRRRRBB
.B.B..BB
.B.B..BB

........
........
........
RRRRRRRR
........
........
........
........
Output
R
B
B
R

Note
 The first test case is pictured in the statement.
 In the second test case, the first blue column is painted first, then the first and last red rows, and finally the last blue column. Since a blue stripe is painted last, the answer is B .","```python
import sys

def solve():
    input = sys.stdin.read
    data = input().split()
    
    index = 0
    t = int(data[index])
    index += 1
    
    results = []
    
    for _ in range(t):
        index += 1  # Skip the empty line before each test case
        grid = [data[index + i] for i in range(8)]
        index += 8
        
        red_row = 'R' * 8 in grid
        blue_col = any('B' * 8 == ''.join(grid[i][j] for i in range(8)) for j in range(8))
        
        if red_row and not blue_col:
            results.append('R')
        else:
            results.append('B')

    print(""\n"".join(results))

solve()
```","```python
for _ in range(int(input())):
    input()
    grid = [input().strip() for _ in range(8)]
    if 'RRRRRRRR' in grid:
        print('R')
    else:
        print('B')
```","```python
import sys

input = sys.stdin.read
data = input().split('\n')

t = int(data[0])
index = 1

for _ in range(t):
    if data[index].strip() == """":
        index += 1
    red_count = sum(1 for i in range(index + 7) if data[i][index:index+8] == 'RRRRRRRR')
    blue_count = sum(1 for j in range(8) if all(data[k][j] == 'B' for k in range(8)))
    
    if red_count > 0:
        print('R')
    else:
        print('B')
    
    index += 9
```",,,
https://codeforces.com/problemset/problem/1462/C,"['brute force', 'greedy', 'math']",PROGRAMMING,900,1462,C,"Description:


You are given a positive number  x . Find the smallest positive integer number that has the sum of digits equal to  x and all digits are distinct (unique).

Input
 The first line contains a single positive integer  t (  1 ≤ t ≤ 50 ) — the number of test cases in the test. Then  t test cases follow.
 Each test case consists of a single integer number  x (  1 ≤ x ≤ 50 ).

Output
 Output  t answers to the test cases:
 if a positive integer number with the sum of digits equal to  x and all digits are different exists, print the smallest such number; otherwise print -1 .

Example
Input
4
1
5
15
50
Output
1
5
69
-1","```python
def find_min_unique_sum(x):
    digits = list(range(9, 0, -1))
    result = []
    while x > 0 and digits:
        d = min(digits)
        if d <= x:
            result.append(d)
            x -= d
        digits.remove(d)
    
    if x == 0:
        return ''.join(map(str, reversed(result)))
    else:
        return ""-1""

t = int(input())
for _ in range(t):
    x = int(input())
    print(find_min_unique_sum(x))
```","```python
def solve(x):
    for length in range(1, 10):  # Only need to check up to 9 digits because sum of all distinct digits is 45
        from itertools import permutations
        
        for perm in permutations(range(10), length):
            if sum(perm) == x:
                num = int(''.join(map(str, perm[::-1])))
                if num > 0:  # Ensure it's a positive number
                    return str(num)
    return ""-1""

def main():
    t = int(input())
    results = []
    for _ in range(t):
        x = int(input())
        results.append(solve(x))
    
    print(""\n"".join(results))

if __name__ == ""__main__"":
    main()
```","```python
def solve():
    def find_smallest_number_with_sum(x):
        if x > 45:  # The maximum sum with distinct digits (0-9) is 45
            return -1
        
        result = []
        for digit in range(9, 0, -1):  # Start from the largest possible digit
            if x >= digit:
                result.append(digit)
                x -= digit
        
        if x > 0:  # If x is not zero, no solution exists with distinct digits
            return -1
        
        return ''.join(map(str, sorted(result)))  # Return as a string with smallest number formation

    t = int(input())
    for _ in range(t):
        x = int(input())
        print(find_smallest_number_with_sum(x))

solve()
```",,,
https://codeforces.com/problemset/problem/709/A,['implementation'],PROGRAMMING,900,709,A,"Description:


Kolya is going to make fresh orange juice. He has n oranges of sizes a 1 , a 2 , ..., a n . Kolya will put them in the juicer in the fixed order, starting with orange of size a 1 , then orange of size a 2 and so on. To be put in the juicer the orange must have size not exceeding b , so if Kolya sees an orange that is strictly greater he throws it away and continues with the next one.
 The juicer has a special section to collect waste. It overflows if Kolya squeezes oranges of the total size strictly greater than d . When it happens Kolya empties the waste section (even if there are no more oranges) and continues to squeeze the juice. How many times will he have to empty the waste section?

Input
 The first line of the input contains three integers n , b and d ( 1 ≤ n ≤ 100 000 , 1 ≤ b ≤ d ≤ 1 000 000 ) — the number of oranges, the maximum size of the orange that fits in the juicer and the value d , which determines the condition when the waste section should be emptied.
 The second line contains n integers a 1 , a 2 , ..., a n ( 1 ≤ a i ≤ 1 000 000 ) — sizes of the oranges listed in the order Kolya is going to try to put them in the juicer.

Output
 Print one integer — the number of times Kolya will have to empty the waste section.

Examples
Input
2 7 10

5 6
Output
1
Input
1 5 10

7
Output
0
Input
3 10 10

5 7 7
Output
1
Input
1 1 1

1
Output
0

Note
 In the first sample, Kolya will squeeze the juice from two oranges and empty the waste section afterwards.
 In the second sample, the orange won't fit in the juicer so Kolya will have no juice at all.","```python
import sys

def main():
    input = sys.stdin.read
    data = input().split()
    
    n = int(data[0])
    b = int(data[1])
    d = int(data[2])
    oranges = list(map(int, data[3:]))
    
    total_waste = 0
    times_emptied = 0
    
    for orange in oranges:
        if orange <= b:
            total_waste += orange
            if total_waste > d:
                times_emptied += 1
                total_waste = 0
                
    print(times_emptied)

if __name__ == ""__main__"":
    main()
```","```python
def main():
    n, b, d = map(int, input().split())
    oranges = list(map(int, input().split()))
    
    waste = 0
    empty_count = 0
    
    for orange in oranges:
        if orange <= b:
            waste += orange
            if waste > d:
                empty_count += 1
                waste = 0
    
    print(empty_count)

if __name__ == ""__main__"":
    main()
```","```python
n, b, d = map(int, input().split())
oranges = list(map(int, input().split()))

waste = 0
empties = 0

for orange in oranges:
    if orange <= b:
        waste += orange
        if waste > d:
            empties += 1
            waste = 0

print(empties)
```",,,
https://codeforces.com/problemset/problem/567/A,"['greedy', 'implementation']",PROGRAMMING,900,567,A,"Description:


All cities of Lineland are located on the Ox coordinate axis. Thus, each city is associated with its position x i — a coordinate on the Ox axis. No two cities are located at a single point.
 Lineland residents love to send letters to each other. A person may send a letter only if the recipient lives in another city (because if they live in the same city, then it is easier to drop in).
 Strange but true, the cost of sending the letter is exactly equal to the distance between the sender's city and the recipient's city.
 For each city calculate two values ​​ min i and max i , where min i is the minimum cost of sending a letter from the i -th city to some other city, and max i is the the maximum cost of sending a letter from the i -th city to some other city

Input
 The first line of the input contains integer n ( 2 ≤ n ≤ 10 5 ) — the number of cities in Lineland. The second line contains the sequence of n distinct integers x 1 , x 2 , ..., x n ( - 10 9 ≤ x i ≤ 10 9 ), where x i is the x -coordinate of the i -th city. All the x i 's are distinct and follow in ascending order.

Output
 Print n lines, the i -th line must contain two integers min i , max i , separated by a space, where min i is the minimum cost of sending a letter from the i -th city, and max i is the maximum cost of sending a letter from the i -th city.

Examples
Input
4

-5 -2 2 7
Output
3 12

3 9

4 7

5 12
Input
2

-1 1
Output
2 2

2 2","```python
n = int(input())
a = list(map(int, input().split()))

for i in range(n):
    min_cost = min(abs(a[i] - a[(i-1) % n]), abs(a[i] - a[(i+1) % n]))
    max_cost = max(abs(a[i] - a[0]), abs(a[i] - a[-1]))
    print(min_cost, max_cost)
```","```python
def main():
    n = int(input())
    cities = list(map(int, input().split()))

    for i in range(n):
        if i == 0:
            min_i = abs(cities[i] - cities[i + 1])
            max_i = abs(cities[i] - cities[-1])
        elif i == n - 1:
            min_i = abs(cities[i] - cities[i - 1])
            max_i = abs(cities[i] - cities[0])
        else:
            min_i = min(abs(cities[i] - cities[i + 1]), abs(cities[i] - cities[i - 1]))
            max_i = max(abs(cities[i] - cities[0]), abs(cities[i] - cities[-1]))

        print(min_i, max_i)

if __name__ == ""__main__"":
    main()
```","```python
n = int(input())
x = list(map(int, input().split()))

for i in range(n):
    min_cost = min(abs(x[i] - x[j]) for j in range(n) if i != j)
    max_cost = max(abs(x[i] - x[j]) for j in range(n) if i != j)
    print(min_cost, max_cost)
```",,,
https://codeforces.com/problemset/problem/1559/A,"['bitmasks', 'constructive algorithms', 'math']",PROGRAMMING,900,1559,A,"Description:


Mocha is a young girl from high school. She has learned so much interesting knowledge from her teachers, especially her math teacher. Recently, Mocha is learning about binary system and very interested in bitwise operation.
 This day, Mocha got a sequence  a of length  n . In each operation, she can select an arbitrary interval  [ l , r ] and for all values  i (  0 ≤ i ≤ r − l ), replace  a l + i with  a l + i  &  a r − i at the same time, where  & denotes the bitwise AND operation . This operation can be performed any number of times .
 For example, if  n = 5 , the array is  [ a 1 , a 2 , a 3 , a 4 , a 5 ] , and Mocha selects the interval  [ 2 , 5 ] , then the new array is  [ a 1 , a 2  &  a 5 , a 3  &  a 4 , a 4  &  a 3 , a 5  &  a 2 ] .
 Now Mocha wants to minimize the maximum value in the sequence. As her best friend, can you help her to get the answer?

Input
 Each test contains multiple test cases.
 The first line contains a single integer  t (  1 ≤ t ≤ 100 ) — the number of test cases. Each test case consists of two lines.
 The first line of each test case contains a single integer  n (  1 ≤ n ≤ 100 ) — the length of the sequence.
 The second line of each test case contains  n integers  a 1 , a 2 , … , a n (  0 ≤ a i ≤ 10 9 ).

Output
 For each test case, print one integer — the minimal value of the maximum value in the sequence.

Example
Input
4
2
1 2
3
1 1 3
4
3 11 3 7
5
11 7 15 3 7
Output
0
1
3
3

Note
 In the first test case, Mocha can choose the interval  [ 1 , 2 ] , then the sequence becomes  [ 0 , 0 ] , where the first element is  1  &  2 , and the second element is  2  &  1 .
 In the second test case, Mocha can choose the interval  [ 1 , 3 ] , then the sequence becomes  [ 1 , 1 , 1 ] , where the first element is  1  &  3 , the second element is  1  &  1 , and the third element is  3  &  1 .","```python
def minimize_max_value():
    import sys
    input = sys.stdin.read
    data = input().split()
    
    index = 0
    t = int(data[index])
    index += 1
    results = []
    
    for _ in range(t):
        n = int(data[index])
        index += 1
        a = list(map(int, data[index:index + n]))
        index += n
        
        result = a[0]
        for num in a:
            result &= num
        results.append(result)
    
    sys.stdout.write('\n'.join(map(str, results)) + '\n')

minimize_max_value()
```","```python
import sys
input = sys.stdin.read

def minimize_max_value(t, test_cases):
    results = []
    for i in range(t):
        n = test_cases[i][0]
        a = test_cases[i][1]
        result = a[0]
        for num in a:
            result &= num
        results.append(result)
    return results

if __name__ == ""__main__"":
    data = input().split()
    t = int(data[0])
    index = 1
    test_cases = []
    
    for _ in range(t):
        n = int(data[index])
        a = list(map(int, data[index + 1: index + 1 + n]))
        test_cases.append((n, a))
        index += 1 + n
    
    results = minimize_max_value(t, test_cases)
    
    for result in results:
        print(result)
```","```python
for _ in range(int(input())):
    n = int(input())
    a = list(map(int, input().split()))
    print(reduce(lambda x, y: x & y, a))
```",,,
https://codeforces.com/problemset/problem/26/A,['number theory'],PROGRAMMING,900,26,A,"Description:


A number is called almost prime if it has exactly two distinct prime divisors. For example, numbers 6, 18, 24 are almost prime, while 4, 8, 9, 42 are not. Find the amount of almost prime numbers which are between 1 and n , inclusive.

Input
 Input contains one integer number n ( 1 ≤ n ≤ 3000 ).

Output
 Output the amount of almost prime numbers between 1 and n , inclusive.

Examples
Input
10
Output
2
Input
21
Output
8","```python
def is_prime(x):
    if x < 2:
        return False
    for i in range(2, int(x**0.5) + 1):
        if x % i == 0:
            return False
    return True

n = int(input())
count = 0

for num in range(2, n+1):
    prime_divisors = set()
    original_num = num
    
    for div in range(2, int(num**0.5) + 1):
        if num % div == 0:
            while num % div == 0:
                num //= div
            if is_prime(div):
                prime_divisors.add(div)
    
    if num > 1 and is_prime(num):
        prime_divisors.add(num)
    
    if len(prime_divisors) == 2:
        count += 1

print(count)
```","```python
def sieve(n):
    is_prime = [True] * (n + 1)
    p = 2
    while p * p <= n:
        if is_prime[p]:
            for i in range(p * p, n + 1, p):
                is_prime[i] = False
        p += 1
    primes = [p for p in range(2, n + 1) if is_prime[p]]
    return primes

def count_almost_primes(n):
    primes = sieve(n)
    almost_primes = set()
    
    for i in range(len(primes)):
        for j in range(i + 1, len(primes)):
            product = primes[i] * primes[j]
            if product > n:
                break
            almost_primes.add(product)
    
    return len(almost_primes)

n = int(input().strip())
print(count_almost_primes(n))
```","```python
import sys

def sieve(n):
    is_prime = [True] * (n + 1)
    p = 2
    while (p * p <= n):
        if (is_prime[p] == True):
            for i in range(p * p, n + 1, p):
                is_prime[i] = False
        p += 1
    primes = [p for p in range(2, n + 1) if is_prime[p]]
    return primes

def count_almost_primes(n):
    primes = sieve(n)
    almost_prime_count = 0
    
    for i in range(1, n + 1):
        prime_factors = set()
        
        for prime in primes:
            if prime * prime > i:
                break
            while i % prime == 0:
                prime_factors.add(prime)
                i //= prime
        
        if i > 1:
            prime_factors.add(i)
        
        if len(prime_factors) == 2:
            almost_prime_count += 1
    
    return almost_prime_count

n = int(sys.stdin.read().strip())
print(count_almost_primes(n))
```",,,
https://codeforces.com/problemset/problem/1339/A,"['brute force', 'dp', 'implementation', 'math']",PROGRAMMING,900,1339,A,"Description:


You have integer  n . Calculate how many ways are there to fully cover belt-like area of  4 n − 2 triangles with diamond shapes.
 Diamond shape consists of two triangles. You can move, rotate or flip the shape, but you cannot scale it.
 2 coverings are different if some  2 triangles are covered by the same diamond shape in one of them and by different diamond shapes in the other one.
 Please look at pictures below for better understanding.
 On the left you can see the diamond shape you will use, and on the right you can see the area you want to fill. These are the figures of the area you want to fill for𝑛=1,2,3,4n=1,2,3,4.
 You have to answer  t independent test cases.

Input
 The first line contains a single integer  t (  1 ≤ t ≤ 10 4 ) — the number of test cases.
 Each of the next  t lines contains a single integer  n (  1 ≤ n ≤ 10 9 ).

Output
 For each test case, print the number of ways to fully cover belt-like area of  4 n − 2 triangles using diamond shape. It can be shown that under given constraints this number of ways doesn't exceed  10 18 .

Example
Input
2
2
1
Output
2
1

Note
 In the first test case, there are the following  2 ways to fill the area:
 
 In the second test case, there is a unique way to fill the area:
 ","```python
t = int(input())
for _ in range(t):
    n = int(input())
    print(n)
```","```python
def solve():
    t = int(input().strip())
    for _ in range(t):
        n = int(input().strip())
        print(n)

solve()
```","```python
for _ in range(int(input())):
    print(int(input()))
```",,,
https://codeforces.com/problemset/problem/1837/B,['greedy'],PROGRAMMING,900,1837,B,"Description:


You are given a string  s of length  n , where each character is either < or > .
 An array  a consisting of  n + 1 elements is compatible with the string  s if, for every  i from  1 to  n , the character  s i represents the result of comparing  a i and  a i + 1 , i. e.:
 s i is < if and only if  a i < a i + 1 ; s i is > if and only if  a i > a i + 1 .
 For example, the array  [ 1 , 2 , 5 , 4 , 2 ] is compatible with the string <<>> . There are other arrays with are compatible with that string, for example,  [ 13 , 37 , 42 , 37 , 13 ] .
 The cost of the array is the number of different elements in it. For example, the cost of  [ 1 , 2 , 5 , 4 , 2 ] is  4 ; the cost of  [ 13 , 37 , 42 , 37 , 13 ] is  3 .
 You have to calculate the minimum cost among all arrays which are compatible with the given string  s .

Input
 The first line contains one integer  t (  1 ≤ t ≤ 500 ) — the number of test cases.
 Each test case consists of two lines:
 the first line contains one integer  n (  1 ≤ n ≤ 100 ); the second line contains the string  s , consisting of  n characters. Each character of  s is either < or > .

Output
 For each test case, print one integer — the minimum cost among all arrays which are compatible with the given string  s .

Example
Input
4
4
<<>>
4
>><<
5
>>>>>
7
<><><><
Output
3
3
6
2

Note
 In the first test case of the example, the array can be  [ 13 , 37 , 42 , 37 , 13 ] .
 In the second test case of the example, the array can be  [ 42 , 37 , 13 , 37 , 42 ] .","```python
def solve():
    t = int(input())
    for _ in range(t):
        n = input()
        s = input()
        max_len = 1
        current_len = 1
        for i in range(1, len(s)):
            if s[i] == s[i - 1]:
                current_len += 1
            else:
                max_len = max(max_len, current_len)
                current_len = 1
        max_len = max(max_len, current_len)
        print(max_len + 1)

solve()
```","```python
def find_min_cost(t, cases):
    results = []
    for n, s in cases:
        max_len = 0
        current_len = 1
        
        for i in range(1, n):
            if s[i] != s[i - 1]:
                current_len += 1
            else:
                max_len = max(max_len, current_len)
                current_len = 1

        max_len = max(max_len, current_len)
        results.append(max_len + 1)

    return results

if __name__ == ""__main__"":
    t = int(input().strip())
    cases = []
    
    for _ in range(t):
        n = int(input().strip())
        s = input().strip()
        cases.append((n, s))
    
    results = find_min_cost(t, cases)
    for result in results:
        print(result)
```","```python
def solve():
    t = int(input())
    results = []
    
    for _ in range(t):
        n = input()
        s = input()
        
        max_len = 1
        current_len = 1
        
        for i in range(1, len(s)):
            if s[i] == s[i - 1]:
                current_len += 1
            else:
                max_len = max(max_len, current_len + 1)
                current_len = 1
        
        max_len = max(max_len, current_len + 1)
        results.append(max_len)
    
    for result in results:
        print(result)

solve()
```",,,
https://codeforces.com/problemset/problem/1915/D,"['greedy', 'implementation', 'strings']",PROGRAMMING,900,1915,D,"Description:


Lura was bored and decided to make a simple language using the five letters  a ,  b ,  c ,  d ,  e . There are two types of letters:
 vowels — the letters  a and  e . They are represented by  V . consonants — the letters  b ,  c , and  d . They are represented by  C .
 syllables
 
 CV
 \textsf{CV}
 
 CVC
 \textsf{CVC}
 
 ba
 \texttt{ba}
 
 ced
 \texttt{ced}
 
 bab
 \texttt{bab}
 
 aa
 \texttt{aa}
 
 eda
 \texttt{eda}
 
 baba
 \texttt{baba}
 A word in the language is a sequence of syllables. Lura has written a word in the language, but she doesn't know how to split it into syllables. Help her break the word into syllables.
 For example, given the word  bacedbab , it would be split into syllables as  ba.ced.bab (the dot  . represents a syllable boundary).

Input
 The input consists of multiple test cases. The first line contains an integer  t (  1 ≤ t ≤ 100 ) — the number of test cases. The description of the test cases follows.
 The first line of each test case contains an integer  n (  1 ≤ n ≤ 2 ⋅ 10 5 ) — the length of the word.
 The second line of each test case contains a string consisting of  n lowercase Latin characters  — the word.
 All words given are valid words in the language; that is, they only use the letters  a ,  b ,  c ,  d ,  e , and each word is made up of several syllables.
 The sum of  n over all test cases does not exceed  2 ⋅ 10 5 .

Output
 For test case, output a string denoting the word split into syllables by inserting a dot  . between every pair of adjacent syllables.
 If there are multiple possible splittings, output any of them. The input is given in such a way that at least one possible splitting exists.

Example
Input
6
8
bacedbab
4
baba
13
daddecabeddad
3
dac
6
dacdac
22
dababbabababbabbababba
Output
ba.ced.bab
ba.ba
dad.de.ca.bed.dad
dac
dac.dac
da.bab.ba.ba.bab.bab.ba.bab.ba","```python
import re

def main():
    t = int(input().strip())
    for _ in range(t):
        n = int(input().strip())  # Read and discard as we don't need it
        word = input().strip()
        result = re.sub(r'([bcd])([ae])', r'\1.\2', word)
        print(result)

if __name__ == ""__main__"":
    main()
```","```python
import re

def main():
    t = int(input().strip())
    for _ in range(t):
        n = int(input().strip())  # Read but not used since input() reads the full line
        word = input().strip()
        
        # Regular expression pattern to insert dots after CV and CVC syllables
        pattern = r""(?<=\b[bcd])([ae])|(?<=[b]\b)([ace])|(?<=[c]\b)([ad])|(?<=[d]\b)([ab])""
        
        # Replace matches with the matched group followed by a dot
        result = re.sub(pattern, r""\1.\2\3.\4"", word)
        
        print(result)

if __name__ == ""__main__"":
    main()
```","```python
import re

def split_into_syllables():
    T = int(input())
    for _ in range(T):
        n = int(input())
        word = input()
        result = re.sub(r'(?<=[a])(?=[bcd])|(?<=c)(?=[abde])', '.', word)
        print(result)

split_into_syllables()
```",,,
https://codeforces.com/problemset/problem/1535/B,"['brute force', 'greedy', 'math', 'number theory', 'sortings']",PROGRAMMING,900,1535,B,"Description:


You are given an array  a consisting of  n integers.
 Let's call a pair of indices  i ,  j  good if  1 ≤ i < j ≤ n and  gcd ( a i , 2 a j ) > 1 (where  gcd ( x , y ) is the greatest common divisor of  x and  y ).
 Find the maximum number of good index pairs if you can reorder the array  a in an arbitrary way.

Input
 The first line contains a single integer  t (  1 ≤ t ≤ 1000 ) — the number of test cases.
 The first line of the test case contains a single integer  n (  2 ≤ n ≤ 2000 ) — the number of elements in the array.
 The second line of the test case contains  n integers  a 1 , a 2 , … , a n (  1 ≤ a i ≤ 10 5 ).
 It is guaranteed that the sum of  n over all test cases does not exceed  2000 .

Output
 For each test case, output a single integer — the maximum number of good index pairs if you can reorder the array  a in an arbitrary way.

Example
Input
3
4
3 6 5 3
2
1 7
5
1 4 2 4 1
Output
4
0
9

Note
 In the first example, the array elements can be rearranged as follows:  [ 6 , 3 , 5 , 3 ] .
 In the third example, the array elements can be rearranged as follows:  [ 4 , 4 , 2 , 1 , 1 ] .","```python
import sys
from math import gcd

def count_good_pairs(arr):
    n = len(arr)
    arr.sort(key=lambda x: x % 2)  # Sort such that odd numbers come first
    good_pairs_count = 0
    
    for i in range(n):
        for j in range(i + 1, n):
            if gcd(arr[i], 2 * arr[j]) > 1:
                good_pairs_count += 1
                
    return good_pairs_count

def main():
    input = sys.stdin.read
    data = input().split()
    
    index = 0
    t = int(data[index])
    index += 1
    
    results = []
    
    for _ in range(t):
        n = int(data[index])
        index += 1
        arr = list(map(int, data[index:index + n]))
        index += n
        
        result = count_good_pairs(arr)
        results.append(result)
        
    for result in results:
        print(result)

if __name__ == ""__main__"":
    main()
```","```python
from math import gcd
import sys

def solve():
    input = sys.stdin.read
    data = input().split()
    
    index = 0
    t = int(data[index])
    index += 1
    
    results = []
    
    for _ in range(t):
        n = int(data[index])
        index += 1
        
        a = list(map(int, data[index:index + n]))
        index += n
        
        # Sort the array such that even numbers come first
        a.sort(key=lambda x: x % 2)
        
        count = 0
        for i in range(n):
            for j in range(i + 1, n):
                if gcd(a[i], 2 * a[j]) > 1:
                    count += 1
        
        results.append(count)
    
    # Output all results
    print(""\n"".join(map(str, results)))

solve()
```","```python
from math import gcd

def count_good_pairs(a):
    n = len(a)
    good_count = 0
    for i in range(n):
        for j in range(i + 1, n):
            if gcd(a[i], 2 * a[j]) > 1:
                good_count += 1
    return good_count

def main():
    import sys
    input = sys.stdin.read
    data = input().split()
    
    idx = 0
    t = int(data[idx])
    idx += 1
    results = []
    
    for _ in range(t):
        n = int(data[idx])
        idx += 1
        a = list(map(int, data[idx:idx + n]))
        idx += n
        results.append(count_good_pairs(sorted(a, key=lambda x: (x % 2, x))))
    
    for result in results:
        print(result)

if __name__ == ""__main__"":
    main()
```",,,
https://codeforces.com/problemset/problem/1537/B,"['constructive algorithms', 'greedy', 'math']",PROGRAMMING,900,1537,B,"Description:


Riley is a very bad boy, but at the same time, he is a yo-yo master. So, he decided to use his yo-yo skills to annoy his friend Anton.
 Anton's room can be represented as a grid with  n rows and  m columns. Let  ( i , j ) denote the cell in row  i and column  j . Anton is currently standing at position  ( i , j ) in his room. To annoy Anton, Riley decided to throw exactly two yo-yos in cells of the room (they can be in the same cell).
 Because Anton doesn't like yo-yos thrown on the floor, he has to pick up both of them and return back to the initial position. The distance travelled by Anton is the shortest path that goes through the positions of both yo-yos and returns back to  ( i , j ) by travelling only to adjacent by side cells. That is, if he is in cell  ( x , y ) then he can travel to the cells  ( x + 1 , y ) ,  ( x − 1 , y ) ,  ( x , y + 1 ) and  ( x , y − 1 ) in one step (if a cell with those coordinates exists).
 Riley is wondering where he should throw these two yo-yos so that the distance travelled by Anton is maximized . But because he is very busy, he asked you to tell him.

Input
 The first line contains a single integer  t (  1 ≤ t ≤ 10 4 ) — the number of test cases. Then  t test cases follow.
 The only line of each test case contains four integers  n ,  m ,  i ,  j (  1 ≤ n , m ≤ 10 9 ,  1 ≤ i ≤ n ,  1 ≤ j ≤ m ) — the dimensions of the room, and the cell at which Anton is currently standing.

Output
 For each test case, print four integers  x 1 ,  y 1 ,  x 2 ,  y 2 (  1 ≤ x 1 , x 2 ≤ n ,  1 ≤ y 1 , y 2 ≤ m ) — the coordinates of where the two yo-yos should be thrown. They will be thrown at coordinates  ( x 1 , y 1 ) and  ( x 2 , y 2 ) .
 If there are multiple answers, you may print any.

Example
Input
7
2 3 1 1
4 4 1 2
3 5 2 2
5 1 2 1
3 1 3 1
1 1 1 1
1000000000 1000000000 1000000000 50
Output
1 2 2 3
4 1 4 4
3 1 1 5
5 1 1 1
1 1 2 1
1 1 1 1
50 1 1 1000000000

Note
 Here is a visualization of the first test case.
 ","```python
def solve():
    t = int(input().strip())
    for _ in range(t):
        n, m, i, j = map(int, input().split())
        print(1, 1, n, m)

solve()
```","```python
import sys
input = sys.stdin.read

def main():
    data = input().strip().split()
    
    index = 0
    t = int(data[index])
    index += 1
    
    results = []
    for _ in range(t):
        n = int(data[index])
        m = int(data[index+1])
        i = int(data[index+2])
        j = int(data[index+3])
        
        # The solution will always put the yo-yos at opposite corners of the grid
        # to maximize the distance.
        results.append(f""1 1 {n} {m}"")
        
        index += 4
    
    sys.stdout.write(""\n"".join(results) + ""\n"")

if __name__ == ""__main__"":
    main()
```","```python
def main():
    import sys
    input = sys.stdin.read
    data = input().split()
    
    index = 0
    t = int(data[index])
    index += 1
    
    results = []
    for _ in range(t):
        n, m, i, j = map(int, data[index:index + 4])
        index += 4
        results.append(f""1 1 {n} {m}"")
    
    sys.stdout.write(""\n"".join(results) + ""\n"")

if __name__ == ""__main__"":
    main()
```",,,
https://codeforces.com/problemset/problem/275/A,['implementation'],PROGRAMMING,900,275,A,"Description:


Lenny is playing a game on a 3 × 3 grid of lights. In the beginning of the game all lights are switched on. Pressing any of the lights will toggle it and all side-adjacent lights. The goal of the game is to switch all the lights off. We consider the toggling as follows: if the light was switched on then it will be switched off, if it was switched off then it will be switched on.
 Lenny has spent some time playing with the grid and by now he has pressed each light a certain number of times. Given the number of times each light is pressed, you have to print the current state of each light.

Input
 The input consists of three rows. Each row contains three integers each between 0 to 100 inclusive. The j -th number in the i -th row is the number of times the j -th light of the i -th row of the grid is pressed.

Output
 Print three lines, each containing three characters. The j -th character of the i -th line is "" 1 "" if and only if the corresponding light is switched on, otherwise it's "" 0 "".

Examples
Input
1 0 0

0 0 0

0 0 1
Output
001

010

100
Input
1 0 1

8 8 8

2 0 3
Output
010

011

100","```python
def toggle(grid, x, y):
    directions = [(0, 0), (1, 0), (-1, 0), (0, 1), (0, -1)]
    for dx, dy in directions:
        nx, ny = x + dx, y + dy
        if 0 <= nx < 3 and 0 <= ny < 3:
            grid[nx][ny] ^= 1

grid = [list(map(int, input().split())) for _ in range(3)]
initial_grid = [[1]*3 for _ in range(3)]

for i in range(3):
    for j in range(3):
        if grid[i][j] % 2 == 1:
            toggle(initial_grid, i, j)

for row in initial_grid:
    print(''.join(map(str, row)))
```","```python
def toggle(grid, i, j):
    directions = [(i, j), (i+1, j), (i-1, j), (i, j+1), (i, j-1)]
    for x, y in directions:
        if 0 <= x < 3 and 0 <= y < 3:
            grid[x][y] = 1 - grid[x][y]

grid = [[int(x) % 2 for x in input().split()] for _ in range(3)]

for i in range(3):
    for j in range(3):
        if grid[i][j] == 1:
            toggle(grid, i, j)

for row in grid:
    print(''.join(map(str, row)))
```","```python
def toggle(x, y):
    if 0 <= x < 3 and 0 <= y < 3:
        return (x, y)
    return None

input_matrix = [[int(i) for i in input().split()] for _ in range(3)]

grid = [
    [1, 1, 1],
    [1, 1, 1],
    [1, 1, 1]
]

directions = [(0, 0), (0, -1), (-1, 0), (1, 0), (0, 1)]

for i in range(3):
    for j in range(3):
        for _ in range(input_matrix[i][j]):
            grid[i][j] ^= 1
            for dx, dy in directions:
                pos = toggle(i + dx, j + dy)
                if pos:
                    x, y = pos
                    grid[x][y] ^= 1

for row in grid:
    print(''.join(map(str, row)))
```",,,
https://codeforces.com/problemset/problem/1296/B,['math'],PROGRAMMING,900,1296,B,"Description:


Mishka wants to buy some food in the nearby shop. Initially, he has  s burles on his card.
 Mishka can perform the following operation any number of times (possibly, zero): choose some positive integer number   1 ≤ x ≤ s , buy food that costs exactly  x burles and obtain  ⌊ x 10 ⌋ burles as a cashback (in other words, Mishka spends  x burles and obtains  ⌊ x 10 ⌋ back). The operation  ⌊ a b ⌋ means  a divided by  b rounded down.
 It is guaranteed that you can always buy some food that costs  x for any possible value of  x .
 Your task is to say the maximum number of burles Mishka can spend if he buys food optimally.
 For example, if Mishka has  s = 19 burles then the maximum number of burles he can spend is  21 . Firstly, he can spend  x = 10 burles, obtain  1 burle as a cashback. Now he has  s = 10 burles, so can spend  x = 10 burles, obtain  1 burle as a cashback and spend it too.
 You have to answer  t independent test cases.

Input
 The first line of the input contains one integer  t (  1 ≤ t ≤ 10 4 ) — the number of test cases.
 The next  t lines describe test cases. Each test case is given on a separate line and consists of one integer  s (  1 ≤ s ≤ 10 9 ) — the number of burles Mishka initially has.

Output
 For each test case print the answer on it — the maximum number of burles Mishka can spend if he buys food optimally.

Example
Input
6
1
10
19
9876
12345
1000000000
Output
1
11
21
10973
13716
1111111111","```python
def main():
    import sys
    input = sys.stdin.read
    data = input().split()
    
    t = int(data[0])
    results = []
    
    for i in range(1, t + 1):
        s = int(data[i])
        k = (s // 9) * 10
        if k == s:
            results.append(k)
        else:
            results.append(k - ((k - s) % 9))
    
    sys.stdout.write(""\n"".join(map(str, results)) + ""\n"")

if __name__ == ""__main__"":
    main()
```","```python
def max_burles_spent(t, test_cases):
    results = []
    for s in test_cases:
        results.append(s + (s // 0.9 - s))
    return results

if __name__ == ""__main__"":
    import sys
    input = sys.stdin.read
    data = input().split()
    
    t = int(data[0])
    test_cases = [int(data[i]) for i in range(1, t + 1)]
    
    results = max_burles_spent(t, test_cases)
    for result in results:
        print(result)
```","```python
for _ in range(int(input())):
    s = int(input())
    print(s // 0.9)
```",,,
https://codeforces.com/problemset/problem/1714/A,"['implementation', 'math']",PROGRAMMING,900,1714,A,"Description:


Vlad, like everyone else, loves to sleep very much.
 Every day Vlad has to do  n things, each at a certain time. For each of these things, he has an alarm clock set, the  i -th of them is triggered on  h i hours  m i minutes every day (  0 ≤ h i < 24 , 0 ≤ m i < 60 ). Vlad uses the  24 -hour time format, so after  h = 12 , m = 59 comes  h = 13 , m = 0 and after  h = 23 , m = 59 comes  h = 0 , m = 0 .
 This time Vlad went to bed at  H hours  M minutes (  0 ≤ H < 24 , 0 ≤ M < 60 ) and asks you to answer: how much he will be able to sleep until the next alarm clock.
 If any alarm clock rings at the time when he went to bed, then he will sleep for a period of time of length  0 .

Input
 The first line of input data contains an integer  t (  1 ≤ t ≤ 100 ) — the number of test cases in the test.
 The first line of the case contains three integers  n ,  H and  M (  1 ≤ n ≤ 10 , 0 ≤ H < 24 , 0 ≤ M < 60 ) — the number of alarms and the time Vlad went to bed.
 The following  n lines contain two numbers each  h i and  m i (  0 ≤ h i < 24 , 0 ≤ m i < 60 ) — the time of the  i alarm. It is acceptable that two or more alarms will trigger at the same time.
 Numbers describing time do not contain leading zeros.

Output
 Output  t lines, each containing the answer to the corresponding test case. As an answer, output two numbers  — the number of hours and minutes that Vlad will sleep, respectively. If any alarm clock rings at the time when he went to bed, the answer will be 0 0 .

Example
Input
3
1 6 13
8 0
3 6 0
12 30
14 45
6 0
2 23 35
20 15
10 30
Output
1 47
0 0
10 55","```python
def calculate_sleep_time():
    t = int(input())
    for _ in range(t):
        n, H, M = map(int, input().split())
        current_time = H * 60 + M
        alarms = []
        
        for _ in range(n):
            h_i, m_i = map(int, input().split())
            alarm_time = (h_i * 60 + m_i - current_time) % 1440
            if alarm_time == 0:
                print(""0 0"")
                break
            alarms.append(alarm_time)
        else:  # Only runs if no break occurred
            min_sleep = min(alarms)
            hours, minutes = divmod(min_sleep, 60)
            print(hours, minutes)

calculate_sleep_time()
```","```python
import sys

input = sys.stdin.read
data = input().splitlines()

t = int(data[0])
index = 1

results = []

for _ in range(t):
    n, H, M = map(int, data[index].split())
    index += 1
    alarms = []
    for i in range(n):
        h_i, m_i = map(int, data[index + i].split())
        total_minutes = h_i * 60 + m_i
        alarms.append(total_minutes)
    
    bedtime = H * 60 + M
    min_sleep = float('inf')
    current_time = (bedtime % 1440)  # Normalize to a single day

    for alarm in alarms:
        time_to_alarm = (alarm - current_time) % 1440
        if time_to_alarm == 0:
            min_sleep = 0
            break
        min_sleep = min(min_sleep, time_to_alarm)

    hours = min_sleep // 60
    minutes = min_sleep % 60

    results.append(f""{hours} {minutes}"")

for result in results:
    print(result)
```","```python
def time_to_minutes(h, m):
    return h * 60 + m

def minutes_to_time(minutes):
    return (minutes // 60) % 24, minutes % 60

t = int(input())
for _ in range(t):
    n, H, M = map(int, input().split())
    bedtime_in_minutes = time_to_minutes(H, M)
    
    min_sleep_time = float('inf')
    for _ in range(n):
        h_i, m_i = map(int, input().split())
        alarm_time_in_minutes = time_to_minutes(h_i, m_i)
        
        if alarm_time_in_minutes < bedtime_in_minutes:
            alarm_time_in_minutes += 24 * 60
        
        sleep_duration = alarm_time_in_minutes - bedtime_in_minutes
        min_sleep_time = min(min_sleep_time, sleep_duration)
    
    hours, minutes = minutes_to_time(min_sleep_time)
    print(hours, minutes)
```",,,
https://codeforces.com/problemset/problem/1921/C,"['greedy', 'math']",PROGRAMMING,900,1921,C,"Description:


Stepan is a very busy person. Today he needs to send  n messages at moments  m 1 , m 2 , … m n (  m i < m i + 1 ). Unfortunately, by the moment  0 , his phone only has  f units of charge left. At the moment  0 , the phone is turned on.
 The phone loses  a units of charge for each unit of time it is on. Also, at any moment, Stepan can turn off the phone and turn it on later. This action consumes  b units of energy each time. Consider turning on and off to be instantaneous, so you can turn it on at moment  x and send a message at the same moment, and vice versa, send a message at moment  x and turn off the phone at the same moment.
 If at any point the charge level drops to  0 (becomes  ≤ 0 ), it is impossible to send a message at that moment.
 Since all messages are very important to Stepan, he wants to know if he can send all the messages without the possibility of charging the phone.

Input
 The first line of the input contains a single integer  t (  1 ≤ t ≤ 10 4 ) — the number of test cases. This is followed by the descriptions of the test cases.
 The first line of each test case contains four integers  n ,  f ,  a , and  b (  1 ≤ n ≤ 2 ⋅ 10 5 ,  1 ≤ f , a , b ≤ 10 9 ) — the number of messages, the initial phone's charge, the charge consumption per unit of time, and the consumption when turned off and on sequentially.
 The second line of each test case contains  n integers  m 1 , m 2 , … , m n (  1 ≤ m i ≤ 10 9 ,  m i < m i + 1 ) — the moments at which messages need to be sent.
 It is guaranteed that in a test the sum of  n over all test cases does not exceed  2 ⋅ 10 5 .

Output
 For each test case, output "" YES "" if Stepan can send all the messages, and "" NO "" otherwise.
 You can output each letter in any case (lowercase or uppercase). For example, the strings "" yEs "", "" yes "", "" Yes "", and "" YES "" will be accepted as a positive answer.

Example
Input
6
1 3 1 5
3
7 21 1 3
4 6 10 13 17 20 26
5 10 1 2
1 2 3 4 5
1 1000000000 1000000000 1000000000
1000000000
3 11 9 6
6 8 10
12 621526648 2585904 3566299
51789 61859 71998 73401 247675 298086 606959 663464 735972 806043 806459 919683
Output
NO
YES
YES
NO
NO
YES

Note
 In the first test case of the example, at moment  0 , the phone's charge is  3 . When sending a message at moment  3 without turning it off,  ( 3 − 0 ) ⋅ 1 = 3 units of charge will be spent. In this case, the charge will drop to  0 and Stepan will not be able to send the message. When turning off and on, the phone's charge will decrease by  5 , so it will not be possible to send the message in this way.
 In the third test case of the example, at moment  0 , the phone's charge is  10 . The phone loses  1 unit of charge per unit of time, and when turned off and on, it loses  2 units of charge. To send all messages, the following actions can be taken:
 Turn off the phone at moment  0 and turn it on at moment  1 , after which  10 − 2 = 8 units of charge will remain; send a message at moment  1 ; send a message at moment  2 , after which  8 − ( 2 − 1 ) ⋅ 1 = 7 units of charge will remain; Turn off the phone at moment  2 and turn it on at moment  3 , after which  7 − 2 = 5 units of charge will remain; send a message at moment  3 ; Turn off the phone at moment  3 and turn it on at moment  4 , after which  5 − 2 = 3 units of charge will remain; send a message at moment  4 ; Turn off the phone at moment  4 and turn it on at moment  5 , after which  3 − 2 = 1 unit of charge will remain; send a message at moment  5 .
 The last (sixth) test set of the example may fail if there is an integer overflow in your solution.","```python
def can_send_all_messages(test_cases):
    results = []
    for n, f, a, b, moments in test_cases:
        charge = f
        possible = True
        previous_moment = 0
        
        for moment in moments:
            time_diff = moment - previous_moment
            cost_to_keep_on = time_diff * a
            cost_to_turn_off_and_on = b
            
            if charge >= cost_to_keep_on:
                charge -= cost_to_keep_on
            elif charge + cost_to_turn_off_and_on >= cost_to_keep_on:
                charge += cost_to_turn_off_and_on - cost_to_keep_on
            else:
                possible = False
                break
            
            previous_moment = moment
        
        if possible and charge >= 0:
            results.append(""YES"")
        else:
            results.append(""NO"")
    
    return results

if __name__ == ""__main__"":
    import sys
    input = sys.stdin.read
    data = input().split()
    
    index = 0
    t = int(data[index])
    index += 1
    
    test_cases = []
    
    for _ in range(t):
        n = int(data[index])
        f = int(data[index + 1])
        a = int(data[index + 2])
        b = int(data[index + 3])
        moments = list(map(int, data[index + 4: index + 4 + n]))
        test_cases.append((n, f, a, b, moments))
        index += 4 + n
    
    results = can_send_all_messages(test_cases)
    
    for result in results:
        print(result)
```","```python
def can_send_all_messages():
    n, f, a, b = map(int, input().split())
    m = list(map(int, input().split()))
    total_energy_needed = 0
    
    for i in range(n - 1):
        time_diff = m[i + 1] - m[i]
        energy_if_left_on = time_diff * a
        energy_if_turned_off_and_on = b
        total_energy_needed += min(energy_if_left_on, energy_if_turned_off_and_on)
    
    # Add the last message's time to total_energy_needed as it must be on for that moment.
    total_energy_needed += m[-1]
    
    return ""YES"" if f >= total_energy_needed else ""NO""

def main():
    t = int(input())
    results = [can_send_all_messages() for _ in range(t)]
    print(""\n"".join(results))

if __name__ == ""__main__"":
    main()
```","```python
for _ in range(int(input())):
    n, f, a, b = map(int, input().split())
    m = list(map(int, input().split()))
    
    possible = True
    
    for i in range(n):
        if i == 0:
            required_charge = m[i] * a
        else:
            time_diff = m[i] - m[i-1]
            required_charge = min(time_diff * a, b)
        
        f -= required_charge
        
        if f < 0:
            possible = False
            break
    
    print(""YES"" if possible else ""NO"")
```",,,
https://codeforces.com/problemset/problem/1992/C,"['constructive algorithms', 'math']",PROGRAMMING,900,1992,C,"Description:


Gorilla and Noobish_Monk found three numbers  n ,  m , and  k (  m < k ). They decided to construct a permutation  † of length  n .
 For the permutation, Noobish_Monk came up with the following function:  g ( i ) is the sum of all the numbers in the permutation on a prefix of length  i that are not greater than  m . Similarly, Gorilla came up with the function  f , where  f ( i ) is the sum of all the numbers in the permutation on a prefix of length  i that are not less than  k . A prefix of length  i is a subarray consisting of the first  i elements of the original array.
 For example, if  n = 5 ,  m = 2 ,  k = 5 , and the permutation is  [ 5 , 3 , 4 , 1 , 2 ] , then:
 f ( 1 ) = 5 , because  5 ≥ 5 ;  g ( 1 ) = 0 , because  5 > 2 ; f ( 2 ) = 5 , because  3 < 5 ;  g ( 2 ) = 0 , because  3 > 2 ; f ( 3 ) = 5 , because  4 < 5 ;  g ( 3 ) = 0 , because  4 > 2 ; f ( 4 ) = 5 , because  1 < 5 ;  g ( 4 ) = 1 , because  1 ≤ 2 ; f ( 5 ) = 5 , because  2 < 5 ;  g ( 5 ) = 1 + 2 = 3 , because  2 ≤ 2 .
 Help them find a permutation for which the value of  ( ∑ i = 1 n f ( i ) − ∑ i = 1 n g ( i ) ) is maximized.
 † A permutation of length  n is an array consisting of  n distinct integers from  1 to  n in any order. For example,  [ 2 , 3 , 1 , 5 , 4 ] is a permutation, but  [ 1 , 2 , 2 ] is not a permutation (as  2 appears twice in the array) and  [ 1 , 3 , 4 ] is also not a permutation (as  n = 3 , but  4 appears in the array).

Input
 The first line contains a single integer  t (  1 ≤ t ≤ 10 4 )  — the number of test cases.
 The only line of each case contains three integers  n ,  m ,  k (  2 ≤ n ≤ 10 5 ;  1 ≤ m < k ≤ n ) — the size of the permutation to be constructed and two integers.
 It is guaranteed that the sum of  n over all test cases does not exceed  2 ⋅ 10 5 .

Output
 For each test case, output the permutation  — a set of numbers that satisfies the conditions of the problem. If there are multiple solutions, output any of them.

Example
Input
3
5 2 5
3 1 3
10 3 8
Output
5 3 4 1 2
3 2 1
10 9 8 4 7 5 6 1 2 3

Note
 In the first example,  ( ∑ i = 1 n f ( i ) − ∑ i = 1 n g ( i ) ) = 5 ⋅ 5 − ( 0 ⋅ 3 + 1 + 3 ) = 25 − 4 = 21","```python
def main():
    import sys
    input = sys.stdin.read
    data = input().split()
    
    index = 0
    t = int(data[index])
    index += 1
    results = []
    
    for _ in range(t):
        n, m, k = map(int, data[index:index + 3])
        index += 3
        
        s = set(range(1, n + 1)) - {m}
        
        x = (n - k + 1) - (k - m - 1)
        if x > 0:
            a = sorted(s)[:x]
            b = [m] * (k - m - 1)
            c = sorted(s)[x:k - m - 1]
            d = sorted(s)[k - m - 1:]
            result = a + b + c + d
        else:
            a = [m]
            b = sorted(s)[:n - k]
            c = sorted(s)[n - k:]
            result = a + b + c
        
        results.append("" "".join(map(str, result)))
    
    print(""\n"".join(results))

if __name__ == ""__main__"":
    main()
```","```python
for _ in range(int(input())):
    n, m, k = map(int, input().split())
    a = list(range(1, m)) + [k] * (n - k) + [m] * (k - m) + list(range(k + 1, n + 1))
    print(*a)
```","```python
def construct_permutation(n, m, k):
    # Numbers greater than or equal to k
    great = list(range(k - 1, n))
    # Numbers less than or equal to m
    small = list(range(m))
    
    # Length of numbers less than m and between m and k
    b = len(great)
    a = n - (b + len(small))

    # Create permutation based on the above logic
    perm = []
    for i in range(a):
        perm.append((n - 1) - (a - i - 1) - b + small[i])
    
    for i in great:
        perm.append(i)
    
    perm.append(m)

    return perm

def main():
    import sys
    input = sys.stdin.read
    data = input().strip().split('\n')
    
    t = int(data[0].strip())
    index = 1
    results = []
    
    for _ in range(t):
        n, m, k = map(int, data[index].strip().split())
        result = construct_permutation(n, m, k)
        results.append(' '.join(map(str, result)))
        index += 1
    
    sys.stdout.write('\n'.join(results) + '\n')

if __name__ == ""__main__"":
    main()
```",,,
https://codeforces.com/problemset/problem/1341/A,['math'],PROGRAMMING,900,1341,A,"Description:


Nastya just made a huge mistake and dropped a whole package of rice on the floor. Mom will come soon. If she sees this, then Nastya will be punished.
 In total, Nastya dropped  n grains. Nastya read that each grain weighs some integer number of grams from  a − b to  a + b , inclusive (numbers  a and  b are known), and the whole package of  n grains weighs from  c − d to  c + d grams, inclusive (numbers  c and  d are known). The weight of the package is the sum of the weights of all  n grains in it.
 Help Nastya understand if this information can be correct. In other words, check whether each grain can have such a mass that the  i -th grain weighs some integer number  x i   ( a − b ≤ x i ≤ a + b ) , and in total they weigh from  c − d to  c + d , inclusive (  c − d ≤ ∑ i = 1 n x i ≤ c + d ).

Input
 The input consists of multiple test cases. The first line contains a single integer  t   ( 1 ≤ t ≤ 1000 ) — the number of test cases.
 The next  t lines contain descriptions of the test cases, each line contains  5 integers:  n   ( 1 ≤ n ≤ 1000 ) — the number of grains that Nastya counted and  a , b , c , d   ( 0 ≤ b < a ≤ 1000 , 0 ≤ d < c ≤ 1000 ) — numbers that determine the possible weight of one grain of rice (from  a − b to  a + b ) and the possible total weight of the package (from  c − d to  c + d ).

Output
 For each test case given in the input print ""Yes"", if the information about the weights is not inconsistent, and print ""No"" if  n grains with masses from  a − b to  a + b cannot make a package with a total mass from  c − d to  c + d .

Example
Input
5
7 20 3 101 18
11 11 10 234 2
8 9 7 250 122
19 41 21 321 10
3 10 8 6 1
Output
Yes
No
Yes
No
Yes

Note
 In the first test case of the example, we can assume that each grain weighs  17 grams, and a pack  119 grams, then really Nastya could collect the whole pack.
 In the third test case of the example, we can assume that each grain weighs  16 grams, and a pack  128 grams, then really Nastya could collect the whole pack.
 In the fifth test case of the example, we can be assumed that  3 grains of rice weigh  2 ,  2 , and  3 grams, and a pack is  7 grams, then really Nastya could collect the whole pack.
 In the second and fourth test cases of the example, we can prove that it is impossible to determine the correct weight of all grains of rice and the weight of the pack so that the weight of the pack is equal to the total weight of all collected grains.","```python
def check_package_weights():
    t = int(input())
    for _ in range(t):
        n, a, b, c, d = map(int, input().split())
        min_grain_weight = a - b
        max_grain_weight = a + b
        min_total_weight = c - d
        max_total_weight = c + d
        
        if (n * min_grain_weight <= max_total_weight) and (n * max_grain_weight >= min_total_weight):
            print(""Yes"")
        else:
            print(""No"")

check_package_weights()
```","```python
def check_grains():
    for _ in range(int(input())):
        n, a, b, c, d = map(int, input().split())
        min_weight_per_grain = a - b
        max_weight_per_grain = a + b
        min_total_weight = c - d
        max_total_weight = c + d
        
        if (n * max_weight_per_grain < min_total_weight) or (n * min_weight_per_grain > max_total_weight):
            print(""No"")
        else:
            print(""Yes"")

check_grains()
```","```python
def main():
    import sys
    input = sys.stdin.read
    data = input().split()
    
    t = int(data[0])
    index = 1
    
    results = []
    
    for _ in range(t):
        n, a, b, c, d = map(int, data[index:index+5])
        min_weight_per_grain = a - b
        max_weight_per_grain = a + b
        
        total_min_weight = c - d
        total_max_weight = c + d
        
        if (n * max_weight_per_grain >= total_min_weight and n * min_weight_per_grain <= total_max_weight):
            results.append(""Yes"")
        else:
            results.append(""No"")
        
        index += 5
    
    print(""\n"".join(results))

if __name__ == ""__main__"":
    main()
```",,,
https://codeforces.com/problemset/problem/1543/A,"['greedy', 'math', 'number theory']",PROGRAMMING,900,1543,A,"Description:


Welcome to Rockport City!
 It is time for your first ever race in the game against Ronnie. To make the race interesting, you have bet  a dollars and Ronnie has bet  b dollars. But the fans seem to be disappointed. The excitement of the fans is given by  g c d ( a , b ) , where  g c d ( x , y ) denotes the greatest common divisor (GCD) of integers  x and  y . To make the race more exciting, you can perform two types of operations:
 Increase both  a and  b by  1 . Decrease both  a and  b by  1 . This operation can only be performed if both  a and  b are greater than  0 .
 In one move, you can perform any one of these operations. You can perform arbitrary (possibly zero) number of moves. Determine the maximum excitement the fans can get and the minimum number of moves required to achieve it.
 Note that  g c d ( x , 0 ) = x for any  x ≥ 0 .

Input
 The first line of input contains a single integer  t (  1 ≤ t ≤ 5 ⋅ 10 3 ) — the number of test cases.
 The first and the only line of each test case contains two integers  a and  b (  0 ≤ a , b ≤ 10 18 ).

Output
 For each test case, print a single line containing two integers.
 If the fans can get infinite excitement, print 0 0 .
 Otherwise, the first integer must be the maximum excitement the fans can get, and the second integer must be the minimum number of moves required to achieve that excitement.

Example
Input
4
8 5
1 2
4 4
3 9
Output
3 1
1 0
0 0
6 3

Note
 For the first test case, you can apply the first operation  1 time to get  a = 9 and  b = 6 . It can be shown that  3 is the maximum excitement possible.
 For the second test case, no matter how many operations you apply, the fans will always have an excitement equal to  1 . Since the initial excitement is also  1 , you don't need to apply any operation.
 For the third case, the fans can get infinite excitement by applying the first operation an infinite amount of times.
 For the fourth test case, you can apply the second operation  3 times to get  a = 0 and  b = 6 . Since,  g c d ( 0 , 6 ) = 6 , the fans will get an excitement of  6 .","```python
import sys

def solve():
    t = int(input().strip())
    results = []
    
    for _ in range(t):
        a, b = map(int, input().split())
        
        if a == b:
            results.append((0, 0))
        else:
            diff = abs(a - b)
            move_count = min(a % diff, diff - (a % diff))
            results.append((diff, move_count))

    for result in results:
        print(result[0], result[1])

if __name__ == ""__main__"":
    solve()
```","```python
from math import gcd

def solve():
    t = int(input())
    results = []
    
    for _ in range(t):
        a, b = map(int, input().split())
        
        if a == b:
            results.append((0, 0))
        else:
            d = abs(a - b)
            min_moves = min(a % d, d - (a % d))
            results.append((d, min_moves))
    
    for result in results:
        print(result[0], result[1])

solve()
```","```python
import sys

def main():
    input = sys.stdin.read
    data = input().split()
    
    t = int(data[0])
    index = 1
    
    results = []
    for _ in range(t):
        a, b = int(data[index]), int(data[index + 1])
        index += 2
        
        if a == b:
            results.append(""0 0"")
            continue
        
        d = abs(a - b)
        moves = min(a % d, d - a % d)
        
        results.append(f""{d} {moves}"")
    
    sys.stdout.write(""\n"".join(results) + ""\n"")

if __name__ == ""__main__"":
    main()
```",,,
https://codeforces.com/problemset/problem/746/B,"['implementation', 'strings']",PROGRAMMING,900,746,B,"Description:


Polycarp is mad about coding, that is why he writes Sveta encoded messages. He calls the median letter in a word the letter which is in the middle of the word. If the word's length is even, the median letter is the left of the two middle letters. In the following examples, the median letter is highlighted: con t est , i n fo . If the word consists of single letter, then according to above definition this letter is the median letter.
 Polycarp encodes each word in the following way: he writes down the median letter of the word, then deletes it and repeats the process until there are no letters left. For example, he encodes the word volga as logva .
 You are given an encoding s of some word, your task is to decode it.

Input
 The first line contains a positive integer n ( 1 ≤ n ≤ 2000 ) — the length of the encoded word.
 The second line contains the string s of length n consisting of lowercase English letters — the encoding.

Output
 Print the word that Polycarp encoded.

Examples
Input
5

logva
Output
volga
Input
2

no
Output
no
Input
4

abba
Output
baba

Note
 In the first example Polycarp encoded the word volga . At first, he wrote down the letter l from the position 3 , after that his word looked like voga . After that Polycarp wrote down the letter o from the position 2 , his word became vga . Then Polycarp wrote down the letter g which was at the second position, the word became va . Then he wrote down the letter v , then the letter a . Thus, the encoding looked like logva .
 In the second example Polycarp encoded the word no . He wrote down the letter n , the word became o , and he wrote down the letter o . Thus, in this example, the word and its encoding are the same.
 In the third example Polycarp encoded the word baba . At first, he wrote down the letter a , which was at the position 2 , after that the word looked like bba . Then he wrote down the letter b , which was at the position 2 , his word looked like ba . After that he wrote down the letter b , which was at the position 1 , the word looked like a , and he wrote down that letter a . Thus, the encoding is abba .","```python
n = int(input())
s = input()
decoded_word = ''.join([s[i] for i in range(n-1, -1, -2)] + [s[i] for i in range(0, n, 2)][::-1])
print(decoded_word)
```","```python
n = int(input())
s = input()
decoded_word = [''] * n

if n % 2 == 0:
    for i in range(n):
        if i % 2 == 0:
            decoded_word[n - (i // 2) - 1] = s[i]
        else:
            decoded_word[i // 2] = s[i]
else:
    for i in range(n):
        if i % 2 == 0:
            decoded_word[(n - 1) // 2 + (i // 2)] = s[i]
        else:
            decoded_word[(n - 1) // 2 - (i // 2) - 1] = s[i]

print(''.join(decoded_word))
```","```python
n = int(input())
s = input()
decoded_word = s[-2::-2] + s[::-2]
print(decoded_word)
```",,,
https://codeforces.com/problemset/problem/1555/A,"['brute force', 'math']",PROGRAMMING,900,1555,A,"Description:


PizzaForces is Petya's favorite pizzeria. PizzaForces makes and sells pizzas of three sizes: small pizzas consist of  6 slices, medium ones consist of  8 slices, and large pizzas consist of  10 slices each. Baking them takes  15 ,  20 and  25 minutes, respectively.
 Petya's birthday is today, and  n of his friends will come, so he decided to make an order from his favorite pizzeria. Petya wants to order so much pizza that each of his friends gets at least one slice of pizza. The cooking time of the order is the total baking time of all the pizzas in the order.
 Your task is to determine the minimum number of minutes that is needed to make pizzas containing at least  n slices in total. For example:
 if  12 friends come to Petya's birthday, he has to order pizzas containing at least  12 slices in total. He can order two small pizzas, containing exactly  12 slices, and the time to bake them is  30 minutes; if  15 friends come to Petya's birthday, he has to order pizzas containing at least  15 slices in total. He can order a small pizza and a large pizza, containing  16 slices, and the time to bake them is  40 minutes; if  300 friends come to Petya's birthday, he has to order pizzas containing at least  300 slices in total. He can order  15 small pizzas,  10 medium pizzas and  13 large pizzas, in total they contain  15 ⋅ 6 + 10 ⋅ 8 + 13 ⋅ 10 = 300 slices, and the total time to bake them is  15 ⋅ 15 + 10 ⋅ 20 + 13 ⋅ 25 = 750 minutes; if only one friend comes to Petya's birthday, he can order a small pizza, and the time to bake it is  15 minutes.

Input
 The first line contains a single integer  t (  1 ≤ t ≤ 10 4 ) — the number of testcases.
 Each testcase consists of a single line that contains a single integer  n (  1 ≤ n ≤ 10 16 ) — the number of Petya's friends.

Output
 For each testcase, print one integer — the minimum number of minutes that is needed to bake pizzas containing at least  n slices in total.

Example
Input
6
12
15
300
1
9999999999999999
3
Output
30
40
750
15
25000000000000000
15","```python
def f(n):
    if n <= 6: return 15
    elif n == 7 or n == 8: return 20
    elif n < 11: return 30
    else:
        # Calculate minimum time by rounding up to nearest even number and multiplying by 5
        return ((n + 1) // 2) * 5

t = int(input().strip())
for _ in range(t):
    n = int(input().strip())
    print(f(n))
```","```python
import sys

def minimum_baking_time():
    input = sys.stdin.read
    data = input().split()
    
    def min_minutes(n):
        if n < 6:
            return 15
        elif n == 6 or n == 7 or n == 8:
            return 30
        else:
            return ((n + 1) // 2) * 5

    t = int(data[0])
    results = []
    
    for i in range(1, t + 1):
        n = int(data[i])
        results.append(min_minutes(n))
        
    sys.stdout.write(""\n"".join(map(str, results)) + ""\n"")

minimum_baking_time()
```","```python
def f(n):
    n = max(6, n + n % 2)
    return (n // 2) * 5

t = int(input().strip())
for _ in range(t):
    n = int(input().strip())
    print(f(n))
```",,,
https://codeforces.com/problemset/problem/1872/B,"['greedy', 'implementation']",PROGRAMMING,900,1872,B,"Description:


You are in a corridor that extends infinitely to the right, divided into square rooms. You start in room  1 , proceed to room  k , and then return to room  1 . You can choose the value of  k . Moving to an adjacent room takes  1 second.
 Additionally, there are  n traps in the corridor: the  i -th trap is located in room  d i and will be activated  s i seconds after you enter the room   d i . Once a trap is activated, you cannot enter or exit a room with that trap.
 A schematic representation of a possible corridor and your path to room  k and back.
 Determine the maximum value of  k that allows you to travel from room  1 to room  k and then return to room  1 safely.
 For instance, if  n = 1 and  d 1 = 2 , s 1 = 2 , you can proceed to room  k = 2 and return safely (the trap will activate at the moment  1 + s 1 = 1 + 2 = 3 , it can't prevent you to return back). But if you attempt to reach room  k = 3 , the trap will activate at the moment  1 + s 1 = 1 + 2 = 3 , preventing your return (you would attempt to enter room  2 on your way back at second  3 , but the activated trap would block you). Any larger value for  k is also not feasible. Thus, the answer is  k = 2 .

Input
 The first line of the input contains an integer  t (  1 ≤ t ≤ 1000 ) — the number of test cases.
 The descriptions of the test cases follow.
 The first line of each test case description contains an integer  n (  1 ≤ n ≤ 100 ) — the number of traps.
 The following  n lines of each test case description present two integers  d i and  s i (  1 ≤ d i , s i ≤ 200 ) — the parameters of a trap (you must leave room  d i strictly before  s i seconds have passed since entering this room). It's possible for multiple traps to occupy a single room (the values of  d i can be repeated).

Output
 For each test case, print the maximum value of  k that allows you to travel to room  k and return to room  1 without encountering an active trap.

Example
Input
7
1
2 2
3
2 8
4 3
5 2
1
200 200
4
1 20
5 9
3 179
100 1
2
10 1
1 18
2
1 1
1 2
3
1 3
1 1
1 3
Output
2
5
299
9
9
1
1

Note
 The first test case is explained in the problem statement above.
 In the second test case, the second trap prevents you from achieving  k ≥ 6 . If  k ≥ 6 , the second trap will activate at the moment  3 + s 2 = 3 + 3 = 6 (the time you enter room  4 plus  s 2 ). In the case of  k ≥ 6 , you will return to room  4 at time  7 or later. The trap will be active at that time. It can be shown that room  k = 5 can be reached without encountering an active trap.
 In the third test case, you can make it to room  299 and then immediately return to room  1 .","```python
def solve():
    t = int(input())
    for _ in range(t):
        n = int(input())
        max_k = float('inf')
        for _ in range(n):
            d, s = map(int, input().split())
            max_k = min(max_k, 2 * (d - 1) + s)
        print((max_k - 1) // 2)

if __name__ == ""__main__"":
    solve()
```","```python
def max_safe_k():
    import sys
    input = sys.stdin.read
    data = input().split()
    
    index = 0
    t = int(data[index])
    index += 1
    
    results = []
    
    for _ in range(t):
        n = int(data[index])
        index += 1
        
        max_k = float('inf')
        
        for _ in range(n):
            d_i = int(data[index])
            s_i = int(data[index + 1])
            index += 2
            
            k_limit = (s_i - 1) // 2 + d_i
            if k_limit < max_k:
                max_k = k_limit
        
        results.append(max_k)
    
    for result in results:
        print(result)

max_safe_k()
```","```python
def max_safe_k():
    import sys
    input = sys.stdin.read
    data = input().split()
    
    index = 0
    t = int(data[index])
    index += 1
    results = []
    
    for _ in range(t):
        n = int(data[index])
        index += 1
        
        max_k = float('inf')
        
        for i in range(n):
            d_i = int(data[index])
            s_i = int(data[index + 1])
            index += 2
            
            # Calculate the maximum k based on trap activation time
            max_k = min(max_k, (d_i - 1) + (s_i // 2))
        
        results.append(max_k)
    
    for result in results:
        print(result)

max_safe_k()
```",,,
