url,tags,type,rating,contest_id,index,statement
https://codeforces.com/problemset/problem/466/C,"['binary search', 'brute force', 'data structures', 'dp', 'two pointers']",PROGRAMMING,1700,466,C,"Description:


You've got array a [1], a [2], ..., a [ n ] , consisting of n integers. Count the number of ways to split all the elements of the array into three contiguous parts so that the sum of elements in each part is the same.
 More formally, you need to find the number of such pairs of indices i , j  (2 ≤ i ≤ j ≤ n - 1) , that  .

Input
 The first line contains integer n  (1 ≤ n ≤ 5·10 5 ) , showing how many numbers are in the array. The second line contains n integers a [1] , a [2] , ..., a [ n ]  (| a [ i ]| ≤  10 9 ) — the elements of array a .

Output
 Print a single integer — the number of ways to split the array into three parts with the same sum.

Examples
Input
5

1 2 3 0 3
Output
2
Input
4

0 1 -1 0
Output
1
Input
2

4 1
Output
0"
https://codeforces.com/problemset/problem/339/D,"['data structures', 'trees']",PROGRAMMING,1700,339,D,"Description:


Xenia the beginner programmer has a sequence a , consisting of 2 n non-negative integers: a 1 , a 2 , ..., a 2 n . Xenia is currently studying bit operations. To better understand how they work, Xenia decided to calculate some value v for a .
 Namely, it takes several iterations to calculate value v . At the first iteration, Xenia writes a new sequence a 1  or  a 2 , a 3  or  a 4 , ..., a 2 n - 1  or  a 2 n , consisting of 2 n - 1 elements. In other words, she writes down the bit-wise OR of adjacent elements of sequence a . At the second iteration, Xenia writes the bitwise exclusive OR of adjacent elements of the sequence obtained after the first iteration. At the third iteration Xenia writes the bitwise OR of the adjacent elements of the sequence obtained after the second iteration. And so on; the operations of bitwise exclusive OR and bitwise OR alternate. In the end, she obtains a sequence consisting of one element, and that element is v .
 Let's consider an example. Suppose that sequence a = (1, 2, 3, 4) . Then let's write down all the transformations (1, 2, 3, 4)  →  (1 or 2 = 3, 3 or 4 = 7)  →  (3 xor 7 = 4) . The result is v = 4 .
 You are given Xenia's initial sequence. But to calculate value v for a given sequence would be too easy, so you are given additional m queries. Each query is a pair of integers p , b . Query p , b means that you need to perform the assignment a p = b . After each query, you need to print the new value v for the new sequence a .

Input
 The first line contains two integers n and m  (1 ≤ n ≤ 17, 1 ≤ m ≤ 10 5 ) . The next line contains 2 n integers a 1 , a 2 , ..., a 2 n  (0 ≤ a i < 2 30 ) . Each of the next m lines contains queries. The i -th line contains integers p i , b i  (1 ≤ p i ≤ 2 n , 0 ≤ b i < 2 30 ) — the i -th query.

Output
 Print m integers — the i -th integer denotes value v for sequence a after the i -th query.

Examples
Input
2 4

1 6 3 5

1 4

3 4

1 2

1 2
Output
1

3

3

3

Note
 For more information on the bit operations, you can follow this link: http://en.wikipedia.org/wiki/Bitwise_operation"
https://codeforces.com/problemset/problem/474/D,['dp'],PROGRAMMING,1700,474,D,"Description:


We saw the little game Marmot made for Mole's lunch. Now it's Marmot's dinner time and, as we all know, Marmot eats flowers. At every dinner he eats some red and white flowers. Therefore a dinner can be represented as a sequence of several flowers, some of them white and some of them red.
 But, for a dinner to be tasty, there is a rule: Marmot wants to eat white flowers only in groups of size k .
 Now Marmot wonders in how many ways he can eat between a and b flowers. As the number of ways could be very large, print it modulo 1000000007 ( 10 9 + 7 ).

Input
 Input contains several test cases.
 The first line contains two integers t and k ( 1 ≤ t , k ≤ 10 5 ), where t represents the number of test cases.
 The next t lines contain two integers a i and b i ( 1 ≤ a i ≤ b i ≤ 10 5 ), describing the i -th test.

Output
 Print t lines to the standard output. The i -th line should contain the number of ways in which Marmot can eat between a i and b i flowers at dinner modulo 1000000007 ( 10 9 + 7 ).

Examples
Input
3 2

1 3

2 3

4 4
Output
6

5

5

Note
 For K = 2 and length 1 Marmot can eat ( R ). For K = 2 and length 2 Marmot can eat ( RR ) and ( WW ). For K = 2 and length 3 Marmot can eat ( RRR ), ( RWW ) and ( WWR ). For K = 2 and length 4 Marmot can eat, for example, ( WWWW ) or ( RWWR ), but for example he can't eat ( WWWR )."
https://codeforces.com/problemset/problem/977/F,['dp'],PROGRAMMING,1700,977,F,"Description:


You are given an integer array of length  n .
 You have to choose some subsequence of this array of maximum length such that this subsequence forms a increasing sequence of consecutive integers. In other words the required sequence should be equal to  [ x , x + 1 , … , x + k − 1 ] for some value  x and length  k .
 Subsequence of an array can be obtained by erasing some (possibly zero) elements from the array. You can erase any elements, not necessarily going successively. The remaining elements preserve their order. For example, for the array  [ 5 , 3 , 1 , 2 , 4 ] the following arrays are subsequences:  [ 3 ] ,  [ 5 , 3 , 1 , 2 , 4 ] ,  [ 5 , 1 , 4 ] , but the array  [ 1 , 3 ] is not.

Input
 The first line of the input containing integer number  n (  1 ≤ n ≤ 2 ⋅ 10 5 ) — the length of the array. The second line of the input containing  n integer numbers  a 1 , a 2 , … , a n (  1 ≤ a i ≤ 10 9 ) — the array itself.

Output
 On the first line print  k — the maximum length of the subsequence of the given array that forms an increasing sequence of consecutive integers.
 On the second line print the sequence of the indices of the any maximum length subsequence of the given array that forms an increasing sequence of consecutive integers.

Examples
Input
7

3 3 4 7 5 6 8
Output
4

2 3 5 6
Input
6

1 3 5 2 4 6
Output
2

1 4
Input
4

10 9 8 7
Output
1

1
Input
9

6 7 8 3 4 5 9 10 11
Output
6

1 2 3 7 8 9

Note
 All valid answers for the first example (as sequences of indices):
 [ 1 , 3 , 5 , 6 ] [ 2 , 3 , 5 , 6 ]
 All valid answers for the second example:
 [ 1 , 4 ] [ 2 , 5 ] [ 3 , 6 ]
 All valid answers for the third example:
 [ 1 ] [ 2 ] [ 3 ] [ 4 ]
 All valid answers for the fourth example:
 [ 1 , 2 , 3 , 7 , 8 , 9 ]"
https://codeforces.com/problemset/problem/126/B,"['binary search', 'dp', 'hashing', 'string suffix structures', 'strings']",PROGRAMMING,1700,126,B,"Description:


Asterix, Obelix and their temporary buddies Suffix and Prefix has finally found the Harmony temple. However, its doors were firmly locked and even Obelix had no luck opening them.
 A little later they found a string s , carved on a rock below the temple's gates. Asterix supposed that that's the password that opens the temple and read the string aloud. However, nothing happened. Then Asterix supposed that a password is some substring t of the string s .
 Prefix supposed that the substring t is the beginning of the string s ; Suffix supposed that the substring t should be the end of the string s ; and Obelix supposed that t should be located somewhere inside the string s , that is, t is neither its beginning, nor its end.
 Asterix chose the substring t so as to please all his companions. Besides, from all acceptable variants Asterix chose the longest one (as Asterix loves long strings). When Asterix read the substring t aloud, the temple doors opened.
 You know the string s . Find the substring t or determine that such substring does not exist and all that's been written above is just a nice legend.

Input
 You are given the string s whose length can vary from 1 to 10 6 (inclusive), consisting of small Latin letters.

Output
 Print the string t . If a suitable t string does not exist, then print "" Just a legend "" without the quotes.

Examples
Input
fixprefixsuffix
Output
fix
Input
abcdabc
Output
Just a legend"
https://codeforces.com/problemset/problem/1365/D,"['constructive algorithms', 'dfs and similar', 'dsu', 'graphs', 'greedy', 'implementation', 'shortest paths']",PROGRAMMING,1700,1365,D,"Description:


Vivek has encountered a problem. He has a maze that can be represented as an  n × m grid. Each of the grid cells may represent the following:
 Empty — ' . ' Wall — ' # ' Good person  — ' G ' Bad person — ' B '
 The only escape from the maze is at cell  ( n , m ) .
 A person can move to a cell only if it shares a side with their current cell and does not contain a wall. Vivek wants to block some of the empty cells by replacing them with walls in such a way, that all the good people are able to escape, while none of the bad people are able to. A cell that initially contains ' G ' or ' B ' cannot be blocked and can be travelled through .
 Help him determine if there exists a way to replace some (zero or more) empty cells with walls to satisfy the above conditions.
 It is guaranteed that the cell  ( n , m ) is empty. Vivek can also block this cell.

Input
 The first line contains one integer  t   ( 1 ≤ t ≤ 100 ) — the number of test cases. The description of the test cases follows.
 The first line of each test case contains two integers  n ,  m   ( 1 ≤ n , m ≤ 50 ) — the number of rows and columns in the maze.
 Each of the next  n lines contain  m characters. They describe the layout of the maze. If a character on a line equals ' . ', the corresponding cell is empty. If it equals ' # ', the cell has a wall. ' G ' corresponds to a good person and ' B ' corresponds to a bad person.

Output
 For each test case, print "" Yes "" if there exists a way to replace some empty cells with walls to satisfy the given conditions. Otherwise print "" No ""
 You may print every letter in any case (upper or lower).

Example
Input
6
1 1
.
1 2
G.
2 2
#B
G.
2 3
G.#
B#.
3 3
#B.
#..
GG.
2 2
#B
B.
Output
Yes
Yes
No
No
Yes
Yes

Note
 For the first and second test cases, all conditions are already satisfied.
 For the third test case, there is only one empty cell  ( 2 , 2 ) , and if it is replaced with a wall then the good person at  ( 1 , 2 ) will not be able to escape.
 For the fourth test case, the good person at  ( 1 , 1 ) cannot escape.
 For the fifth test case, Vivek can block the cells  ( 2 , 3 ) and  ( 2 , 2 ) .
 For the last test case, Vivek can block the destination cell  ( 2 , 2 ) ."
https://codeforces.com/problemset/problem/118/D,['dp'],PROGRAMMING,1700,118,D,"Description:


Gaius Julius Caesar, a famous general, loved to line up his soldiers. Overall the army had n 1 footmen and n 2 horsemen. Caesar thought that an arrangement is not beautiful if somewhere in the line there are strictly more that k 1 footmen standing successively one after another, or there are strictly more than k 2 horsemen standing successively one after another. Find the number of beautiful arrangements of the soldiers.
 Note that all n 1 + n 2 warriors should be present at each arrangement. All footmen are considered indistinguishable among themselves. Similarly, all horsemen are considered indistinguishable among themselves.

Input
 The only line contains four space-separated integers n 1 , n 2 , k 1 , k 2 ( 1 ≤ n 1 , n 2 ≤ 100, 1 ≤ k 1 , k 2 ≤ 10 ) which represent how many footmen and horsemen there are and the largest acceptable number of footmen and horsemen standing in succession, correspondingly.

Output
 Print the number of beautiful arrangements of the army modulo 100000000  (10 8 ) . That is, print the number of such ways to line up the soldiers, that no more than k 1 footmen stand successively, and no more than k 2 horsemen stand successively.

Examples
Input
2 1 1 10
Output
1
Input
2 3 1 2
Output
5
Input
2 4 1 1
Output
0

Note
 Let's mark a footman as 1 , and a horseman as 2 .
 In the first sample the only beautiful line-up is: 121
 In the second sample 5 beautiful line-ups exist: 12122 , 12212 , 21212 , 21221 , 22121"
https://codeforces.com/problemset/problem/1037/D,"['dfs and similar', 'graphs', 'shortest paths', 'trees']",PROGRAMMING,1700,1037,D,"Description:


The BFS algorithm is defined as follows.
 Consider an undirected graph with vertices numbered from  1 to  n . Initialize  q as a new queue containing only vertex  1 , mark the vertex  1 as used. Extract a vertex  v from the head of the queue  q . Print the index of vertex  v . Iterate in arbitrary order through all such vertices  u that  u is a neighbor of  v and is not marked yet as used. Mark the vertex  u as used and insert it into the tail of the queue  q . If the queue is not empty, continue from step 2 . Otherwise finish.
 Since the order of choosing neighbors of each vertex can vary, it turns out that there may be multiple sequences which BFS can print.
 In this problem you need to check whether a given sequence corresponds to some valid BFS traversal of the given tree starting from vertex  1 . The tree is an undirected graph, such that there is exactly one simple path between any two vertices.

Input
 The first line contains a single integer  n (  1 ≤ n ≤ 2 ⋅ 10 5 ) which denotes the number of nodes in the tree.
 The following  n − 1 lines describe the edges of the tree. Each of them contains two integers  x and  y (  1 ≤ x , y ≤ n ) — the endpoints of the corresponding edge of the tree. It is guaranteed that the given graph is a tree.
 The last line contains  n distinct integers  a 1 , a 2 , … , a n (  1 ≤ a i ≤ n ) — the sequence to check.

Output
 Print "" Yes "" (quotes for clarity) if the sequence corresponds to some valid BFS traversal of the given tree and "" No "" (quotes for clarity) otherwise.
 You can print each letter in any case (upper or lower).

Examples
Input
4

1 2

1 3

2 4

1 2 3 4
Output
Yes
Input
4

1 2

1 3

2 4

1 2 4 3
Output
No

Note
 Both sample tests have the same tree in them.
 In this tree, there are two valid BFS orderings:
 1 , 2 , 3 , 4 , 1 , 3 , 2 , 4 .
 The ordering  1 , 2 , 4 , 3 doesn't correspond to any valid BFS order."
https://codeforces.com/problemset/problem/467/C,"['dp', 'implementation']",PROGRAMMING,1700,467,C,"Description:


The new ITone 6 has been released recently and George got really keen to buy it. Unfortunately, he didn't have enough money, so George was going to work as a programmer. Now he faced the following problem at the work.
 Given a sequence of n integers p 1 , p 2 , ..., p n . You are to choose k pairs of integers:
 
 [ l 1 , r 1 ], [ l 2 , r 2 ], ..., [ l k , r k ] (1 ≤ l 1 ≤ r 1 < l 2 ≤ r 2 < ... < l k ≤ r k ≤ n ; r i - l i + 1 = m ),
 in such a way that the value of sum  is maximal possible. Help George to cope with the task.

Input
 The first line contains three integers n , m and k  (1 ≤ ( m × k ) ≤ n ≤ 5000) . The second line contains n integers p 1 , p 2 , ..., p n  (0 ≤ p i ≤ 10 9 ) .

Output
 Print an integer in a single line — the maximum possible value of sum.

Examples
Input
5 2 1

1 2 3 4 5
Output
9
Input
7 1 3

2 10 7 18 5 33 0
Output
61"
https://codeforces.com/problemset/problem/295/B,"['dp', 'graphs', 'shortest paths']",PROGRAMMING,1700,295,B,"Description:


Greg has a weighed directed graph, consisting of n vertices. In this graph any pair of distinct vertices has an edge between them in both directions. Greg loves playing with the graph and now he has invented a new game:
 The game consists of n steps. On the i -th step Greg removes vertex number x i from the graph. As Greg removes a vertex, he also removes all the edges that go in and out of this vertex. Before executing each step, Greg wants to know the sum of lengths of the shortest paths between all pairs of the remaining vertices. The shortest path can go through any remaining vertex. In other words, if we assume that d ( i , v , u ) is the shortest path between vertices v and u in the graph that formed before deleting vertex x i , then Greg wants to know the value of the following sum:  .
 Help Greg, print the value of the required sum before each step.

Input
 The first line contains integer n  (1 ≤ n ≤ 500) — the number of vertices in the graph.
 Next n lines contain n integers each — the graph adjacency matrix: the j -th number in the i -th line a ij  (1 ≤ a ij ≤ 10 5 , a ii = 0) represents the weight of the edge that goes from vertex i to vertex j .
 The next line contains n distinct integers: x 1 , x 2 , ..., x n  (1 ≤ x i ≤ n ) — the vertices that Greg deletes.

Output
 Print n integers — the i -th number equals the required sum before the i -th step.
 Please, do not use the %lld specifier to read or write 64-bit integers in C++ . It is preferred to use the cin , cout streams of the %I64d specifier.

Examples
Input
1

0

1
Output
0
Input
2

0 5

4 0

1 2
Output
9 0
Input
4

0 3 1 1

6 0 400 1

2 4 0 1

1 1 1 0

4 1 2 3
Output
17 23 404 0"
https://codeforces.com/problemset/problem/427/C,"['dfs and similar', 'graphs', 'two pointers']",PROGRAMMING,1700,427,C,"Description:


Your city has n junctions. There are m  one-way roads between the junctions. As a mayor of the city, you have to ensure the security of all the junctions.
 To ensure the security, you have to build some police checkposts. Checkposts can only be built in a junction. A checkpost at junction i can protect junction j if either i = j or the police patrol car can go to j from i and then come back to i .
 Building checkposts costs some money. As some areas of the city are more expensive than others, building checkpost at some junctions might cost more money than other junctions.
 You have to determine the minimum possible money needed to ensure the security of all the junctions. Also you have to find the number of ways to ensure the security in minimum price and in addition in minimum number of checkposts . Two ways are different if any of the junctions contains a checkpost in one of them and do not contain in the other.

Input
 In the first line, you will be given an integer n , number of junctions (1 ≤ n ≤ 10 5 ) . In the next line, n space-separated integers will be given. The i th integer is the cost of building checkpost at the i th junction (costs will be non-negative and will not exceed 10 9 ).
 The next line will contain an integer m (0 ≤ m ≤ 3·10 5 ) . And each of the next m lines contains two integers u i and v i (1 ≤ u i , v i ≤ n ; u ≠ v ) . A pair u i , v i means, that there is a one-way road which goes from u i to v i . There will not be more than one road between two nodes in the same direction.

Output
 Print two integers separated by spaces. The first one is the minimum possible money needed to ensure the security of all the junctions. And the second one is the number of ways you can ensure the security modulo 1000000007  (10 9 + 7) .

Examples
Input
3

1 2 3

3

1 2

2 3

3 2
Output
3 1
Input
5

2 8 0 6 0

6

1 4

1 3

2 4

3 4

4 5

5 1
Output
8 2
Input
10

1 3 2 2 1 3 1 4 10 10

12

1 2

2 3

3 1

3 4

4 5

5 6

5 7

6 4

7 3

8 9

9 10

10 9
Output
15 6
Input
2

7 91

2

1 2

2 1
Output
7 1"
https://codeforces.com/problemset/problem/1324/E,"['dp', 'implementation']",PROGRAMMING,1700,1324,E,"Description:


Vova had a pretty weird sleeping schedule. There are  h hours in a day. Vova will sleep exactly  n times. The  i -th time he will sleep exactly after  a i hours from the time he woke up. You can assume that Vova woke up exactly at the beginning of this story (the initial time is  0 ). Each time Vova sleeps exactly one day (in other words,  h hours).
 Vova thinks that the  i -th sleeping time is good if he starts to sleep between hours  l and  r inclusive.
 Vova can control himself and before the  i -th time can choose between two options: go to sleep after  a i hours or after  a i − 1 hours.
 Your task is to say the maximum number of good sleeping times Vova can obtain if he acts optimally.

Input
 The first line of the input contains four integers  n , h , l and  r (  1 ≤ n ≤ 2000 , 3 ≤ h ≤ 2000 , 0 ≤ l ≤ r < h ) — the number of times Vova goes to sleep, the number of hours in a day and the segment of the good sleeping time.
 The second line of the input contains  n integers  a 1 , a 2 , … , a n (  1 ≤ a i < h ), where  a i is the number of hours after which Vova goes to sleep the  i -th time.

Output
 Print one integer — the maximum number of good sleeping times Vova can obtain if he acts optimally.

Example
Input
7 24 21 23
16 17 14 20 20 11 22
Output
3

Note
 The maximum number of good times in the example is  3 .
 The story starts from  t = 0 . Then Vova goes to sleep after  a 1 − 1 hours, now the time is  15 . This time is not good. Then Vova goes to sleep after  a 2 − 1 hours, now the time is  15 + 16 = 7 . This time is also not good. Then Vova goes to sleep after  a 3 hours, now the time is  7 + 14 = 21 . This time is good . Then Vova goes to sleep after  a 4 − 1 hours, now the time is  21 + 19 = 16 . This time is not good. Then Vova goes to sleep after  a 5 hours, now the time is  16 + 20 = 12 . This time is not good. Then Vova goes to sleep after  a 6 hours, now the time is  12 + 11 = 23 . This time is good . Then Vova goes to sleep after  a 7 hours, now the time is  23 + 22 = 21 . This time is also good ."
https://codeforces.com/problemset/problem/276/D,"['bitmasks', 'dp', 'greedy', 'implementation', 'math']",PROGRAMMING,1700,276,D,"Description:


A little girl loves problems on bitwise operations very much. Here's one of them.
 You are given two integers l and r . Let's consider the values of  for all pairs of integers a and b  ( l ≤ a ≤ b ≤ r ) . Your task is to find the maximum value among all considered ones.
 Expression  means applying bitwise excluding or operation to integers x and y . The given operation exists in all modern programming languages, for example, in languages C ++ and Java it is represented as "" ^ "", in Pascal — as "" xor "".

Input
 The single line contains space-separated integers l and r ( 1 ≤ l ≤ r ≤ 10 18 ).
 Please, do not use the %lld specifier to read or write 64-bit integers in C++. It is preferred to use the cin , cout streams or the %I64d specifier.

Output
 In a single line print a single integer — the maximum value of  for all pairs of integers a , b  ( l ≤ a ≤ b ≤ r ) .

Examples
Input
1 2
Output
3
Input
8 16
Output
31
Input
1 1
Output
0"
https://codeforces.com/problemset/problem/349/B,"['data structures', 'dp', 'greedy', 'implementation']",PROGRAMMING,1700,349,B,"Description:


Igor has fallen in love with Tanya. Now Igor wants to show his feelings and write a number on the fence opposite to Tanya's house. Igor thinks that the larger the number is, the more chance to win Tanya's heart he has.
 Unfortunately, Igor could only get v liters of paint. He did the math and concluded that digit d requires a d liters of paint. Besides, Igor heard that Tanya doesn't like zeroes. That's why Igor won't use them in his number.
 Help Igor find the maximum number he can write on the fence.

Input
 The first line contains a positive integer v  (0 ≤ v ≤ 10 6 ) . The second line contains nine positive integers a 1 , a 2 , ..., a 9  (1 ≤ a i ≤ 10 5 ) .

Output
 Print the maximum number Igor can write on the fence. If he has too little paint for any digit (so, he cannot write anything), print -1.

Examples
Input
5

5 4 3 2 1 2 3 4 5
Output
55555
Input
2

9 11 1 12 5 8 9 10 6
Output
33
Input
0

1 1 1 1 1 1 1 1 1
Output
-1"
https://codeforces.com/problemset/problem/1359/C,"['binary search', 'math']",PROGRAMMING,1700,1359,C,"Description:


There are two infinite sources of water:
 hot water of temperature  h ; cold water of temperature  c (  c < h ).
 You perform the following procedure of alternating moves:
 take one cup of the hot water and pour it into an infinitely deep barrel; take one cup of the cold water and pour it into an infinitely deep barrel; take one cup of the hot water  … and so on  …
 Note that you always start with the cup of hot water .
 The barrel is initially empty. You have to pour at least one cup into the barrel. The water temperature in the barrel is an average of the temperatures of the poured cups.
 You want to achieve a temperature as close as possible to  t . So if the temperature in the barrel is  t b , then the absolute difference of  t b and  t (  | t b − t | ) should be as small as possible.
 How many cups should you pour into the barrel, so that the temperature in it is as close as possible to  t ? If there are multiple answers with the minimum absolute difference, then print the smallest of them.

Input
 The first line contains a single integer  T (  1 ≤ T ≤ 3 ⋅ 10 4 ) — the number of testcases.
 Each of the next  T lines contains three integers  h ,  c and  t (  1 ≤ c < h ≤ 10 6 ;  c ≤ t ≤ h ) — the temperature of the hot water, the temperature of the cold water and the desired temperature in the barrel.

Output
 For each testcase print a single positive integer — the minimum number of cups required to be poured into the barrel to achieve the closest temperature to  t .

Example
Input
3
30 10 20
41 15 30
18 13 18
Output
2
7
1

Note
 In the first testcase the temperature after  2 poured cups:  1 hot and  1 cold is exactly  20 . So that is the closest we can achieve.
 In the second testcase the temperature after  7 poured cups:  4 hot and  3 cold is about  29.857 . Pouring more water won't get us closer to  t than that.
 In the third testcase the temperature after  1 poured cup:  1 hot is  18 . That's exactly equal to  t ."
https://codeforces.com/problemset/problem/1538/D,"['constructive algorithms', 'math', 'number theory']",PROGRAMMING,1700,1538,D,"Description:


You are given two integers  a and  b . In one turn, you can do one of the following operations:
 Take an integer  c (  c > 1 and a should be divisible by  c ) and replace  a with  a c ; Take an integer  c (  c > 1 and b should be divisible by  c ) and replace  b with  b c .
 Your goal is to make  a equal to  b using exactly  k turns.
 For example, the numbers  a = 36 and  b = 48 can be made equal in  4 moves:
 c = 6 , divide  b by  c   ⇒   a = 36 ,  b = 8 ; c = 2 , divide  a by  c   ⇒   a = 18 ,  b = 8 ; c = 9 , divide  a by  c   ⇒   a = 2 ,  b = 8 ; c = 4 , divide  b by  c   ⇒   a = 2 ,  b = 2 .
 For the given numbers  a and  b , determine whether it is possible to make them equal using exactly  k turns.

Input
 The first line contains one integer  t (  1 ≤ t ≤ 10 4 ). Then  t test cases follow.
 Each test case is contains three integers  a ,  b and  k (  1 ≤ a , b , k ≤ 10 9 ).

Output
 For each test case output:
 "" Yes "", if it is possible to make the numbers  a and  b equal in exactly   k turns; "" No "" otherwise.
 The strings "" Yes "" and "" No "" can be output in any case.

Example
Input
8
36 48 2
36 48 3
36 48 4
2 8 1
2 8 2
1000000000 1000000000 1000000000
1 2 1
2 2 1
Output
YES
YES
YES
YES
YES
NO
YES
NO"
https://codeforces.com/problemset/problem/1381/A2,"['constructive algorithms', 'data structures', 'implementation', 'strings', 'two pointers']",PROGRAMMING,1700,1381,A2,"Description:


This is the hard version of the problem. The difference between the versions is the constraint on  n and the required number of operations. You can make hacks only if all versions of the problem are solved.
 There are two binary strings  a and  b of length  n (a binary string is a string consisting of symbols  0 and  1 ). In an operation, you select a prefix of  a , and simultaneously invert the bits in the prefix (  0 changes to  1 and  1 changes to  0 ) and reverse the order of the bits in the prefix.
 For example, if  a = 001011 and you select the prefix of length  3 , it becomes  011011 . Then if you select the entire string, it becomes  001001 .
 Your task is to transform the string  a into  b in at most  2 n operations. It can be proved that it is always possible.

Input
 The first line contains a single integer  t (  1 ≤ t ≤ 1000 )  — the number of test cases. Next  3 t lines contain descriptions of test cases.
 The first line of each test case contains a single integer  n (  1 ≤ n ≤ 10 5 )  — the length of the binary strings.
 The next two lines contain two binary strings  a and  b of length  n .
 It is guaranteed that the sum of  n across all test cases does not exceed  10 5 .

Output
 For each test case, output an integer  k (  0 ≤ k ≤ 2 n ), followed by  k integers  p 1 , … , p k (  1 ≤ p i ≤ n ). Here  k is the number of operations you use and  p i is the length of the prefix you flip in the  i -th operation.

Example
Input
5
2
01
10
5
01011
11100
2
01
01
10
0110011011
1000110100
1
0
1
Output
3 1 2 1
6 5 2 5 3 1 2
0
9 4 1 2 10 4 1 2 1 5
1 1

Note
 In the first test case, we have  01 → 11 → 00 → 10 .
 In the second test case, we have  01011 → 00101 → 11101 → 01000 → 10100 → 00100 → 11100 .
 In the third test case, the strings are already the same. Another solution is to flip the prefix of length  2 , which will leave  a unchanged."
https://codeforces.com/problemset/problem/1474/C,"['brute force', 'constructive algorithms', 'data structures', 'greedy', 'implementation', 'sortings']",PROGRAMMING,1700,1474,C,"Description:


You found a useless array  a of  2 n positive integers. You have realized that you actually don't need this array, so you decided to throw out all elements of  a .
 It could have been an easy task, but it turned out that you should follow some rules:
 In the beginning, you select any positive integer  x . Then you do the following operation  n times: select two elements of array with sum equals  x ; remove them from  a and replace  x with maximum of that two numbers.
 For example, if initially  a = [ 3 , 5 , 1 , 2 ] , you can select  x = 6 . Then you can select the second and the third elements of  a with sum  5 + 1 = 6 and throw them out. After this operation,  x equals  5 and there are two elements in array:  3 and  2 . You can throw them out on the next operation.
 Note, that you choose  x before the start and can't change it as you want between the operations.
 Determine how should you behave to throw out all elements of  a .

Input
 The first line contains a single integer  t (  1 ≤ t ≤ 1000 ) — the number of test cases.
 The first line of each test case contains the single integer  n (  1 ≤ n ≤ 1000 ).
 The second line of each test case contains  2 n integers  a 1 , a 2 , … , a 2 n (  1 ≤ a i ≤ 10 6 ) — the initial array  a .
 It is guaranteed that the total sum of  n over all test cases doesn't exceed  1000 .

Output
 For each test case in the first line print YES if it is possible to throw out all elements of the array and NO otherwise.
 If it is possible to throw out all elements, print the initial value of  x you've chosen. Print description of  n operations next. For each operation, print the pair of integers you remove.

Example
Input
4
2
3 5 1 2
3
1 1 8 8 64 64
2
1 1 2 4
5
1 2 3 4 5 6 7 14 3 11
Output
YES
6
1 5
2 3
NO
NO
YES
21
14 7
3 11
5 6
2 4
3 1

Note
 The first test case was described in the statement.
 In the second and third test cases, we can show that it is impossible to throw out all elements of array  a ."
https://codeforces.com/problemset/problem/1554/B,"['bitmasks', 'brute force', 'greedy', 'math']",PROGRAMMING,1700,1554,B,"Description:


You are given  n integers  a 1 , a 2 , … , a n and an integer  k . Find the maximum value of  i ⋅ j − k ⋅ ( a i | a j ) over all pairs  ( i , j ) of integers with  1 ≤ i < j ≤ n . Here,  | is the bitwise OR operator .

Input
 The first line contains a single integer  t (  1 ≤ t ≤ 10  000 )  — the number of test cases.
 The first line of each test case contains two integers  n (  2 ≤ n ≤ 10 5 ) and  k (  1 ≤ k ≤ min ( n , 100 ) ).
 The second line of each test case contains  n integers  a 1 , a 2 , … , a n (  0 ≤ a i ≤ n ).
 It is guaranteed that the sum of  n over all test cases doesn't exceed  3 ⋅ 10 5 .

Output
 For each test case, print a single integer  — the maximum possible value of  i ⋅ j − k ⋅ ( a i | a j ) .

Example
Input
4
3 3
1 1 3
2 2
1 2
4 3
0 1 2 3
6 6
3 2 0 0 5 6
Output
-1
-4
3
12

Note
 Let  f ( i , j ) = i ⋅ j − k ⋅ ( a i | a j ) .
 In the first test case,
 f ( 1 , 2 ) = 1 ⋅ 2 − k ⋅ ( a 1 | a 2 ) = 2 − 3 ⋅ ( 1 | 1 ) = − 1 . f ( 1 , 3 ) = 1 ⋅ 3 − k ⋅ ( a 1 | a 3 ) = 3 − 3 ⋅ ( 1 | 3 ) = − 6 . f ( 2 , 3 ) = 2 ⋅ 3 − k ⋅ ( a 2 | a 3 ) = 6 − 3 ⋅ ( 1 | 3 ) = − 3 .
 So the maximum is  f ( 1 , 2 ) = − 1 .
 In the fourth test case, the maximum is  f ( 3 , 4 ) = 12 ."
https://codeforces.com/problemset/problem/1343/D,"['brute force', 'data structures', 'greedy', 'two pointers']",PROGRAMMING,1700,1343,D,"Description:


You are given an array  a consisting of  n integers (it is guaranteed that  n is even, i.e. divisible by  2 ). All  a i does not exceed some integer  k .
 Your task is to replace the minimum number of elements (replacement is the following operation: choose some index  i from  1 to  n and replace  a i with some integer in range  [ 1 ; k ] ) to satisfy the following conditions:
 after all replacements, all  a i are positive integers not greater than  k ; for all  i from  1 to  n 2 the following equation is true:  a i + a n − i + 1 = x , where  x should be the same for all  n 2 pairs of elements.
 You have to answer  t independent test cases.

Input
 The first line of the input contains one integer  t (  1 ≤ t ≤ 10 4 ) — the number of test cases. Then  t test cases follow.
 The first line of the test case contains two integers  n and  k (  2 ≤ n ≤ 2 ⋅ 10 5 , 1 ≤ k ≤ 2 ⋅ 10 5 ) — the length of  a and the maximum possible value of some  a i correspondingly. It is guratanteed that  n is even (i.e. divisible by  2 ). The second line of the test case contains  n integers  a 1 , a 2 , … , a n (  1 ≤ a i ≤ k ), where  a i is the  i -th element of  a .
 It is guaranteed that the sum of  n (as well as the sum of  k ) over all test cases does not exceed  2 ⋅ 10 5 (  ∑ n ≤ 2 ⋅ 10 5 ,  ∑ k ≤ 2 ⋅ 10 5 ).

Output
 For each test case, print the answer — the minimum number of elements you have to replace in  a to satisfy the conditions from the problem statement.

Example
Input
4
4 2
1 2 1 2
4 3
1 2 2 1
8 7
6 1 1 7 6 3 4 6
6 6
5 2 6 1 3 4
Output
0
1
4
2"
https://codeforces.com/problemset/problem/20/C,"['graphs', 'shortest paths']",PROGRAMMING,1900,20,C,"Description:


You are given a weighted undirected graph. The vertices are enumerated from 1 to n . Your task is to find the shortest path between the vertex 1 and the vertex n .

Input
 The first line contains two integers n and m ( 2 ≤ n ≤ 10 5 , 0 ≤ m ≤ 10 5 ), where n is the number of vertices and m is the number of edges. Following m lines contain one edge each in form a i , b i and w i ( 1 ≤ a i , b i ≤ n , 1 ≤ w i ≤ 10 6 ), where a i , b i are edge endpoints and w i is the length of the edge.
 It is possible that the graph has loops and multiple edges between pair of vertices.

Output
 Write the only integer -1 in case of no path. Write the shortest path in opposite case. If there are many solutions, print any of them.

Examples
Input
5 6

1 2 2

2 5 5

2 3 4

1 4 1

4 3 3

3 5 1
Output
1 4 3 5
Input
5 6

1 2 2

2 5 5

2 3 4

1 4 1

4 3 3

3 5 1
Output
1 4 3 5"
https://codeforces.com/problemset/problem/5/C,"['constructive algorithms', 'data structures', 'dp', 'greedy', 'sortings', 'strings']",PROGRAMMING,1900,5,C,"Description:


This is yet another problem dealing with regular bracket sequences.
 We should remind you that a bracket sequence is called regular, if by inserting « + » and « 1 » into it we can get a correct mathematical expression. For example, sequences « (())() », « () » and « (()(())) » are regular, while « )( », « (() » and « (()))( » are not.
 You are given a string of « ( » and « ) » characters. You are to find its longest substring that is a regular bracket sequence. You are to find the number of such substrings as well.

Input
 The first line of the input file contains a non-empty string, consisting of « ( » and « ) » characters. Its length does not exceed 10 6 .

Output
 Print the length of the longest substring that is a regular bracket sequence, and the number of such substrings. If there are no such substrings, write the only line containing "" 0 1 "".

Examples
Input
)((())))(()())
Output
6 2
Input
))(
Output
0 1"
https://codeforces.com/problemset/problem/607/B,['dp'],PROGRAMMING,1900,607,B,"Description:


Genos recently installed the game Zuma on his phone. In Zuma there exists a line of n gemstones, the i -th of which has color c i . The goal of the game is to destroy all the gemstones in the line as quickly as possible.
 In one second, Genos is able to choose exactly one continuous substring of colored gemstones that is a palindrome and remove it from the line. After the substring is removed, the remaining gemstones shift to form a solid line again. What is the minimum number of seconds needed to destroy the entire line?
 Let us remind, that the string (or substring) is called palindrome , if it reads same backwards or forward. In our case this means the color of the first gemstone is equal to the color of the last one, the color of the second gemstone is equal to the color of the next to last and so on.

Input
 The first line of input contains a single integer n ( 1 ≤ n ≤ 500 ) — the number of gemstones.
 The second line contains n space-separated integers, the i -th of which is c i ( 1 ≤ c i ≤ n ) — the color of the i -th gemstone in a line.

Output
 Print a single integer — the minimum number of seconds needed to destroy the entire line.

Examples
Input
3

1 2 1
Output
1
Input
3

1 2 3
Output
3
Input
7

1 4 4 2 3 2 1
Output
2

Note
 In the first sample, Genos can destroy the entire line in one second.
 In the second sample, Genos can only destroy one gemstone at a time, so destroying three gemstones takes three seconds.
 In the third sample, to achieve the optimal time of two seconds, destroy palindrome 4 4 first and then destroy palindrome 1 2 3 2 1 ."
https://codeforces.com/problemset/problem/577/B,"['combinatorics', 'data structures', 'dp', 'two pointers']",PROGRAMMING,1900,577,B,"Description:


You are given a sequence of numbers a 1 , a 2 , ..., a n , and a number m .
 Check if it is possible to choose a non-empty subsequence a i j such that the sum of numbers in this subsequence is divisible by m .

Input
 The first line contains two numbers, n and m ( 1 ≤ n ≤ 10 6 , 2 ≤ m ≤ 10 3 ) — the size of the original sequence and the number such that sum should be divisible by it.
 The second line contains n integers a 1 , a 2 , ..., a n ( 0 ≤ a i ≤ 10 9 ).

Output
 In the single line print either "" YES "" (without the quotes) if there exists the sought subsequence, or "" NO "" (without the quotes), if such subsequence doesn't exist.

Examples
Input
3 5

1 2 3
Output
YES
Input
1 6

5
Output
NO
Input
4 6

3 1 1 3
Output
YES
Input
6 6

5 5 5 5 5 5
Output
YES

Note
 In the first sample test you can choose numbers 2 and 3 , the sum of which is divisible by 5 .
 In the second sample test the single non-empty subsequence of numbers is a single number 5 . Number 5 is not divisible by 6 , that is, the sought subsequence doesn't exist.
 In the third sample test you need to choose two numbers 3 on the ends.
 In the fourth sample test you can take the whole subsequence."
https://codeforces.com/problemset/problem/25/D,"['dsu', 'graphs', 'trees']",PROGRAMMING,1900,25,D,"Description:


Berland Government decided to improve relations with neighboring countries. First of all, it was decided to build new roads so that from each city of Berland and neighboring countries it became possible to reach all the others. There are n cities in Berland and neighboring countries in total and exactly n - 1 two-way roads. Because of the recent financial crisis, the Berland Government is strongly pressed for money, so to build a new road it has to close some of the existing ones. Every day it is possible to close one existing road and immediately build a new one. Your task is to determine how many days would be needed to rebuild roads so that from each city it became possible to reach all the others, and to draw a plan of closure of old roads and building of new ones.

Input
 The first line contains integer n ( 2 ≤ n ≤ 1000 ) — amount of cities in Berland and neighboring countries. Next n - 1 lines contain the description of roads. Each road is described by two space-separated integers a i , b i ( 1 ≤ a i , b i ≤ n , a i ≠ b i ) — pair of cities, which the road connects. It can't be more than one road between a pair of cities. No road connects the city with itself.

Output
 Output the answer, number t — what is the least amount of days needed to rebuild roads so that from each city it became possible to reach all the others. Then output t lines — the plan of closure of old roads and building of new ones. Each line should describe one day in the format i j u v — it means that road between cities i and j became closed and a new road between cities u and v is built. Cities are numbered from 1. If the answer is not unique, output any.

Examples
Input
2

1 2
Output
0
Input
7

1 2

2 3

3 1

4 5

5 6

6 7
Output
1

3 1 3 7"
https://codeforces.com/problemset/problem/61/E,"['data structures', 'trees']",PROGRAMMING,1900,61,E,"Description:


The Romans have attacked again. This time they are much more than the Persians but Shapur is ready to defeat them. He says: ""A lion is never afraid of a hundred sheep"".
 Nevertheless Shapur has to find weaknesses in the Roman army to defeat them. So he gives the army a weakness number.
 In Shapur's opinion the weakness of an army is equal to the number of triplets i , j , k such that i < j < k and a i > a j > a k where a x is the power of man standing at position x . The Roman army has one special trait — powers of all the people in it are distinct.
 Help Shapur find out how weak the Romans are.

Input
 The first line of input contains a single number n ( 3 ≤ n ≤ 10 6 ) — the number of men in Roman army. Next line contains n different positive integers a i ( 1 ≤ i ≤ n , 1 ≤ a i ≤ 10 9 ) — powers of men in the Roman army.

Output
 A single integer number, the weakness of the Roman army.
 Please, do not use %lld specificator to read or write 64-bit integers in C++. It is preffered to use cout (also you may use %I64d ).

Examples
Input
3

3 2 1
Output
1
Input
3

2 3 1
Output
0
Input
4

10 8 3 1
Output
4
Input
4

1 5 4 3
Output
1"
https://codeforces.com/problemset/problem/1400/D,"['brute force', 'combinatorics', 'data structures', 'math', 'two pointers']",PROGRAMMING,1900,1400,D,"Description:


You are given an array  a 1 , a 2 … a n . Calculate the number of tuples  ( i , j , k , l ) such that:
 1 ≤ i < j < k < l ≤ n ; a i = a k and  a j = a l ;

Input
 The first line contains a single integer  t (  1 ≤ t ≤ 100 ) — the number of test cases.
 The first line of each test case contains a single integer  n (  4 ≤ n ≤ 3000 ) — the size of the array  a .
 The second line of each test case contains  n integers  a 1 , a 2 , … , a n (  1 ≤ a i ≤ n ) — the array  a .
 It's guaranteed that the sum of  n in one test doesn't exceed  3000 .

Output
 For each test case, print the number of described tuples.

Example
Input
2
5
2 2 2 2 2
6
1 3 3 1 2 3
Output
5
2

Note
 In the first test case, for any four indices  i < j < k < l are valid, so the answer is the number of tuples.
 In the second test case, there are  2 valid tuples:
 ( 1 , 2 , 4 , 6 ) :  a 1 = a 4 and  a 2 = a 6 ; ( 1 , 3 , 4 , 6 ) :  a 1 = a 4 and  a 3 = a 6 ."
https://codeforces.com/problemset/problem/1036/C,"['combinatorics', 'dp']",PROGRAMMING,1900,1036,C,"Description:


Let's call some positive integer classy if its decimal representation contains no more than  3 non-zero digits. For example, numbers  4 ,  200000 ,  10203 are classy and numbers  4231 ,  102306 ,  7277420000 are not.
 You are given a segment  [ L ; R ] . Count the number of classy integers  x such that  L ≤ x ≤ R .
 Each testcase contains several segments, for each of them you are required to solve the problem separately.

Input
 The first line contains a single integer  T (  1 ≤ T ≤ 10 4 ) — the number of segments in a testcase.
 Each of the next  T lines contains two integers  L i and  R i (  1 ≤ L i ≤ R i ≤ 10 18 ).

Output
 Print  T lines — the  i -th line should contain the number of classy integers on a segment  [ L i ; R i ] .

Example
Input
4

1 1000

1024 1024

65536 65536

999999 1000001
Output
1000

1

0

2"
https://codeforces.com/problemset/problem/1328/E,"['dfs and similar', 'graphs', 'trees']",PROGRAMMING,1900,1328,E,"Description:


You are given a rooted tree consisting of  n vertices numbered from  1 to  n . The root of the tree is a vertex number  1 .
 A tree is a connected undirected graph with  n − 1 edges.
 You are given  m queries. The  i -th query consists of the set of  k i distinct vertices  v i [ 1 ] , v i [ 2 ] , … , v i [ k i ] . Your task is to say if there is a path from the root to some vertex  u such that each of the given  k vertices is either belongs to this path or has the distance  1 to some vertex of this path.

Input
 The first line of the input contains two integers  n and  m (  2 ≤ n ≤ 2 ⋅ 10 5 ,  1 ≤ m ≤ 2 ⋅ 10 5 ) — the number of vertices in the tree and the number of queries.
 Each of the next  n − 1 lines describes an edge of the tree. Edge  i is denoted by two integers  u i and  v i , the labels of vertices it connects  ( 1 ≤ u i , v i ≤ n , u i ≠ v i ).
 It is guaranteed that the given edges form a tree.
 The next  m lines describe queries. The  i -th line describes the  i -th query and starts with the integer  k i (  1 ≤ k i ≤ n ) — the number of vertices in the current query. Then  k i integers follow:  v i [ 1 ] , v i [ 2 ] , … , v i [ k i ] (  1 ≤ v i [ j ] ≤ n ), where  v i [ j ] is the  j -th vertex of the  i -th query.
 It is guaranteed that all vertices in a single query are distinct.
 It is guaranteed that the sum of  k i does not exceed  2 ⋅ 10 5 (  ∑ i = 1 m k i ≤ 2 ⋅ 10 5 ).

Output
 For each query, print the answer — "" YES "", if there is a path from the root to some vertex  u such that each of the given  k vertices is either belongs to this path or has the distance  1 to some vertex of this path and "" NO "" otherwise.

Example
Input
10 6
1 2
1 3
1 4
2 5
2 6
3 7
7 8
7 9
9 10
4 3 8 9 10
3 2 4 6
3 2 1 5
3 4 8 2
2 6 10
3 5 4 7
Output
YES
YES
YES
YES
NO
NO

Note
 The picture corresponding to the example:
 
 Consider the queries.
 The first query is  [ 3 , 8 , 9 , 10 ] . The answer is "" YES "" as you can choose the path from the root  1 to the vertex  u = 10 . Then vertices  [ 3 , 9 , 10 ] belong to the path from  1 to  10 and the vertex  8 has distance  1 to the vertex  7 which also belongs to this path.
 The second query is  [ 2 , 4 , 6 ] . The answer is "" YES "" as you can choose the path to the vertex  u = 2 . Then the vertex  4 has distance  1 to the vertex  1 which belongs to this path and the vertex  6 has distance  1 to the vertex  2 which belongs to this path.
 The third query is  [ 2 , 1 , 5 ] . The answer is "" YES "" as you can choose the path to the vertex  u = 5 and all vertices of the query belong to this path.
 The fourth query is  [ 4 , 8 , 2 ] . The answer is "" YES "" as you can choose the path to the vertex  u = 9 so vertices  2 and  4 both have distance  1 to the vertex  1 which belongs to this path and the vertex  8 has distance  1 to the vertex  7 which belongs to this path.
 The fifth and the sixth queries both have answer "" NO "" because you cannot choose suitable vertex  u ."
https://codeforces.com/problemset/problem/1375/D,"['brute force', 'constructive algorithms', 'sortings']",PROGRAMMING,1900,1375,D,"Description:


You're given an array of  n integers between  0 and  n inclusive.
 In one operation, you can choose any element of the array and replace it by the MEX of the elements of the array (which may change after the operation).
 For example, if the current array is  [ 0 , 2 , 2 , 1 , 4 ] , you can choose the second element and replace it by the MEX of the present elements  —  3 . Array will become  [ 0 , 3 , 2 , 1 , 4 ] .
 You must make the array non-decreasing, using at most  2 n operations.
 It can be proven that it is always possible. Please note that you do not have to minimize the number of operations. If there are many solutions, you can print any of them.
 –
 An array  b [ 1 … n ] is non-decreasing if and only if  b 1 ≤ b 2 ≤ … ≤ b n .
 The MEX (minimum excluded) of an array is the smallest non-negative integer that does not belong to the array. For instance:
 The MEX of  [ 2 , 2 , 1 ] is  0 , because  0 does not belong to the array. The MEX of  [ 3 , 1 , 0 , 1 ] is  2 , because  0 and  1 belong to the array, but  2 does not. The MEX of  [ 0 , 3 , 1 , 2 ] is  4 because  0 ,  1 ,  2 and  3 belong to the array, but  4 does not.
 It's worth mentioning that the MEX of an array of length  n is always between  0 and  n inclusive.

Input
 The first line contains a single integer  t (  1 ≤ t ≤ 200 ) — the number of test cases. The description of the test cases follows.
 The first line of each test case contains a single integer  n (  3 ≤ n ≤ 1000 ) — length of the array.
 The second line of each test case contains  n integers  a 1 , … , a n (  0 ≤ a i ≤ n ) — elements of the array. Note that they don't have to be distinct .
 It is guaranteed that the sum of  n over all test cases doesn't exceed  1000 .

Output
 For each test case, you must output two lines:
 The first line must contain a single integer  k (  0 ≤ k ≤ 2 n )  — the number of operations you perform.
 The second line must contain  k integers  x 1 , … , x k (  1 ≤ x i ≤ n ), where  x i is the index chosen for the  i -th operation.
 If there are many solutions, you can find any of them. Please remember that it is not required to minimize  k .

Example
Input
5
3
2 2 3
3
2 1 0
7
0 7 3 1 3 7 7
9
2 0 1 1 2 4 4 2 0
9
8 4 7 6 1 2 3 0 5
Output
0

2
3 1
4
2 5 5 4
11
3 8 9 7 8 5 9 6 4 1 2
10
1 8 1 9 5 2 4 6 3 7

Note
 In the first test case, the array is already non-decreasing (  2 ≤ 2 ≤ 3 ).
 Explanation of the second test case (the element modified by each operation is colored in red):
 a = [ 2 , 1 , 0 ] ; the initial MEX is  3 . a = [ 2 , 1 , 3 ] ; the new MEX is  0 . a = [ 0 , 1 , 3 ] ; the new MEX is  2 . The final array is non-decreasing:  0 ≤ 1 ≤ 3 .
 Explanation of the third test case:
 a = [ 0 , 7 , 3 , 1 , 3 , 7 , 7 ] ; the initial MEX is  2 . a = [ 0 , 2 , 3 , 1 , 3 , 7 , 7 ] ; the new MEX is  4 . a = [ 0 , 2 , 3 , 1 , 4 , 7 , 7 ] ; the new MEX is  5 . a = [ 0 , 2 , 3 , 1 , 5 , 7 , 7 ] ; the new MEX is  4 . a = [ 0 , 2 , 3 , 4 , 5 , 7 , 7 ] ; the new MEX is  1 . The final array is non-decreasing:  0 ≤ 2 ≤ 3 ≤ 4 ≤ 5 ≤ 7 ≤ 7 ."
https://codeforces.com/problemset/problem/547/B,"['binary search', 'data structures', 'dp', 'dsu']",PROGRAMMING,1900,547,B,"Description:


Mike is the president of country What-The-Fatherland. There are n bears living in this country besides Mike. All of them are standing in a line and they are numbered from 1 to n from left to right. i -th bear is exactly a i feet high.
 
 A group of bears is a non-empty contiguous segment of the line. The size of a group is the number of bears in that group. The strength of a group is the minimum height of the bear in that group.
 Mike is a curious to know for each x such that 1 ≤ x ≤ n the maximum strength among all groups of size x .

Input
 The first line of input contains integer n ( 1 ≤ n ≤ 2 × 10 5 ), the number of bears.
 The second line contains n integers separated by space, a 1 , a 2 , ..., a n ( 1 ≤ a i ≤ 10 9 ), heights of bears.

Output
 Print n integers in one line. For each x from 1 to n , print the maximum strength among all groups of size x .

Examples
Input
10

1 2 3 4 5 4 3 2 1 6
Output
6 4 4 3 3 2 2 1 1 1"
https://codeforces.com/problemset/problem/1354/D,"['binary search', 'data structures']",PROGRAMMING,1900,1354,D,"Description:


Note that the memory limit is unusual.
 You are given a multiset consisting of  n integers. You have to process queries of two types:
 add integer  k into the multiset; find the  k -th order statistics in the multiset and remove it.
 k -th order statistics in the multiset is the  k -th element in the sorted list of all elements of the multiset. For example, if the multiset contains elements  1 ,  4 ,  2 ,  1 ,  4 ,  5 ,  7 , and  k = 3 , then you have to find the  3 -rd element in  [ 1 , 1 , 2 , 4 , 4 , 5 , 7 ] , which is  2 . If you try to delete an element which occurs multiple times in the multiset, only one occurence is removed.
 After processing all queries, print any number belonging to the multiset, or say that it is empty.

Input
 The first line contains two integers  n and  q (  1 ≤ n , q ≤ 10 6 ) — the number of elements in the initial multiset and the number of queries, respectively.
 The second line contains  n integers  a 1 ,  a 2 , ...,  a n (  1 ≤ a 1 ≤ a 2 ≤ ⋯ ≤ a n ≤ n ) — the elements of the multiset.
 The third line contains  q integers  k 1 ,  k 2 , ...,  k q , each representing a query:
 if  1 ≤ k i ≤ n , then the  i -th query is ""insert  k i into the multiset""; if  k i < 0 , then the  i -th query is ""remove the  | k i | -th order statistics from the multiset"". For this query, it is guaranteed that  | k i | is not greater than the size of the multiset.

Output
 If the multiset is empty after all queries, print  0 .
 Otherwise, print any integer that belongs to the resulting multiset.

Examples
Input
5 5
1 2 3 4 5
-1 -1 -1 -1 -1
Output
0
Input
5 4
1 2 3 4 5
-5 -1 -3 -1
Output
3
Input
6 2
1 1 1 2 3 4
5 6
Output
6

Note
 In the first example, all elements of the multiset are deleted.
 In the second example, the elements  5 ,  1 ,  4 ,  2 are deleted (they are listed in chronological order of their removal).
 In the third example,  6 is not the only answer."
https://codeforces.com/problemset/problem/1348/D,"['binary search', 'constructive algorithms', 'greedy', 'implementation', 'math']",PROGRAMMING,1900,1348,D,"Description:


Phoenix has decided to become a scientist! He is currently investigating the growth of bacteria.
 Initially, on day  1 , there is one bacterium with mass  1 .
 Every day, some number of bacteria will split (possibly zero or all). When a bacterium of mass  m splits, it becomes two bacteria of mass  m 2 each. For example, a bacterium of mass  3 can split into two bacteria of mass  1.5 .
 Also, every night, the mass of every bacteria will increase by one.
 Phoenix is wondering if it is possible for the total mass of all the bacteria to be exactly  n . If it is possible, he is interested in the way to obtain that mass using the minimum possible number of nights. Help him become the best scientist!

Input
 The input consists of multiple test cases. The first line contains an integer  t (  1 ≤ t ≤ 1000 ) — the number of test cases.
 The first line of each test case contains an integer  n (  2 ≤ n ≤ 10 9 ) — the sum of bacteria masses that Phoenix is interested in.

Output
 For each test case, if there is no way for the bacteria to exactly achieve total mass  n , print -1 . Otherwise, print two lines.
 The first line should contain an integer  d — the minimum number of nights needed.
 The next line should contain  d integers, with the  i -th integer representing the number of bacteria that should split on the  i -th day.
 If there are multiple solutions, print any.

Example
Input
3
9
11
2
Output
3
1 0 2 
3
1 1 2
1
0

Note
 In the first test case, the following process results in bacteria with total mass  9 :
 Day  1 : The bacterium with mass  1 splits. There are now two bacteria with mass  0.5 each. Night  1 : All bacteria's mass increases by one. There are now two bacteria with mass  1.5 . Day  2 : None split. Night  2 : There are now two bacteria with mass  2.5 . Day  3 : Both bacteria split. There are now four bacteria with mass  1.25 . Night  3 : There are now four bacteria with mass  2.25 .
 
 2.25 + 2.25 + 2.25 + 2.25 = 9
 2.25+2.25+2.25+2.25=9
 
 3
 3
 
 In the second test case, the following process results in bacteria with total mass  11 :
 Day  1 : The bacterium with mass  1 splits. There are now two bacteria with mass  0.5 . Night  1 : There are now two bacteria with mass  1.5 . Day  2 : One bacterium splits. There are now three bacteria with masses  0.75 ,  0.75 , and  1.5 . Night  2 : There are now three bacteria with masses  1.75 ,  1.75 , and  2.5 . Day  3 : The bacteria with mass  1.75 and the bacteria with mass  2.5 split. There are now five bacteria with masses  0.875 ,  0.875 ,  1.25 ,  1.25 , and  1.75 . Night  3 : There are now five bacteria with masses  1.875 ,  1.875 ,  2.25 ,  2.25 , and  2.75 .
 
 1.875 + 1.875 + 2.25 + 2.25 + 2.75 = 11
 1.875+1.875+2.25+2.25+2.75=11
 
 3
 3
 
 In the third test case, the bacterium does not split on day  1 , and then grows to mass  2 during night  1 ."
https://codeforces.com/problemset/problem/1486/C2,"['binary search', 'interactive']",PROGRAMMING,1900,1486,C2,"Description:


The only difference between the easy and the hard version is the limit to the number of queries .
 This is an interactive problem.
 There is an array  a of  n  different numbers. In one query you can ask the position of the second maximum element in a subsegment  a [ l . . r ] . Find the position of the maximum element in the array in no more than 20 queries.
 A subsegment  a [ l . . r ] is all the elements  a l , a l + 1 , . . . , a r . After asking this subsegment you will be given the position of the second maximum from this subsegment in the whole array.

Input
 The first line contains a single integer  n   ( 2 ≤ n ≤ 10 5 ) — the number of elements in the array.

Interaction
 You can ask queries by printing "" ?  l   r ""  ( 1 ≤ l < r ≤ n ) . The answer is the index of the second maximum of all elements  a l , a l + 1 , . . . , a r . Array  a is fixed beforehand and can't be changed in time of interaction.
 You can output the answer by printing "" !  p "", where p is the index of the maximum element in the array.
 You can ask no more than 20 queries. Printing the answer doesn't count as a query .
 After printing a query do not forget to output end of line and flush the output. Otherwise, you will get Idleness limit exceeded . To do this, use:
 fflush(stdout) or cout.flush() in C++; System.out.flush() in Java; flush(output) in Pascal; stdout.flush() in Python; see documentation for other languages
 Hacks
 To make a hack, use the following test format.
 In the first line output a single integer  n   ( 2 ≤ n ≤ 10 5 ) . In the second line output a permutation of  n integers  1 to  n . The position of  n in the permutation is the position of the maximum

Example
Input
5

3

4
Output
? 1 5

? 4 5

! 1

Note
 In the sample suppose  a is  [ 5 , 1 , 4 , 2 , 3 ] . So after asking the  [ 1..5 ] subsegment  4 is second to max value, and it's position is  3 . After asking the  [ 4..5 ] subsegment  2 is second to max value and it's position in the whole array is  4 .
 Note that there are other arrays  a that would produce the same interaction, and the answer for them might be different. Example output is given in purpose of understanding the interaction."
https://codeforces.com/problemset/problem/463/C,"['greedy', 'hashing', 'implementation']",PROGRAMMING,1900,463,C,"Description:


Gargari is jealous that his friend Caisa won the game from the previous problem. He wants to prove that he is a genius.
 He has a n × n chessboard. Each cell of the chessboard has a number written on it. Gargari wants to place two bishops on the chessboard in such a way that there is no cell that is attacked by both of them. Consider a cell with number x written on it, if this cell is attacked by one of the bishops Gargari will get x dollars for it. Tell Gargari, how to place bishops on the chessboard to get maximum amount of money.
 We assume a cell is attacked by a bishop, if the cell is located on the same diagonal with the bishop (the cell, where the bishop is, also considered attacked by it).

Input
 The first line contains a single integer n  (2 ≤ n ≤ 2000) . Each of the next n lines contains n integers a ij  (0 ≤ a ij ≤ 10 9 ) — description of the chessboard.

Output
 On the first line print the maximal number of dollars Gargari will get. On the next line print four integers: x 1 , y 1 , x 2 , y 2  (1 ≤ x 1 , y 1 , x 2 , y 2 ≤ n ) , where x i is the number of the row where the i -th bishop should be placed, y i is the number of the column where the i -th bishop should be placed. Consider rows are numbered from 1 to n from top to bottom, and columns are numbered from 1 to n from left to right.
 If there are several optimal solutions, you can print any of them.

Examples
Input
4

1 1 1 1

2 1 1 0

1 1 1 0

1 0 0 1
Output
12

2 2 3 2"
https://codeforces.com/problemset/problem/1369/D,"['dp', 'graphs', 'greedy', 'math', 'trees']",PROGRAMMING,1900,1369,D,"Description:


Lee tried so hard to make a good div.2 D problem to balance his recent contest, but it still doesn't feel good at all. Lee invented it so tediously slow that he managed to develop a phobia about div.2 D problem setting instead. And now he is hiding behind the bushes...
 Let's define a Rooted Dead Bush (RDB) of level  n as a rooted tree constructed as described below.
 A rooted dead bush of level  1 is a single vertex. To construct an RDB of level  i we, at first, construct an RDB of level  i − 1 , then for each vertex  u :
 if  u has no children then we will add a single child to it; if  u has one child then we will add two children to it; if  u has more than one child, then we will skip it.
 Rooted Dead Bushes of level  1 ,  2 and  3 .
 Let's define a claw as a rooted tree with four vertices: one root vertex (called also as center) with three children. It looks like a claw:
 The center of the claw is the vertex with label  1 .
 Lee has a Rooted Dead Bush of level  n . Initially, all vertices of his RDB are green.
 In one move, he can choose a claw in his RDB, if all vertices in the claw are green and all vertices of the claw are children of its center, then he colors the claw's vertices in yellow.
 He'd like to know the maximum number of yellow vertices he can achieve. Since the answer might be very large, print it modulo  10 9 + 7 .

Input
 The first line contains one integer  t (  1 ≤ t ≤ 10 4 ) — the number of test cases.
 Next  t lines contain test cases — one per line.
 The first line of each test case contains one integer  n (  1 ≤ n ≤ 2 ⋅ 10 6 ) — the level of Lee's RDB.

Output
 For each test case, print a single integer — the maximum number of yellow vertices Lee can make modulo  10 9 + 7 .

Example
Input
7
1
2
3
4
5
100
2000000
Output
0
0
4
4
12
990998587
804665184

Note
 It's easy to see that the answer for RDB of level  1 or  2 is  0 .
 The answer for RDB of level  3 is  4 since there is only one claw we can choose:  { 1 , 2 , 3 , 4 } .
 The answer for RDB of level  4 is  4 since we can choose either single claw  { 1 , 3 , 2 , 4 } or single claw  { 2 , 7 , 5 , 6 } . There are no other claws in the RDB of level  4 (for example, we can't choose  { 2 , 1 , 7 , 6 } , since  1 is not a child of center vertex  2 ).
 Rooted Dead Bush of level 4."
https://codeforces.com/problemset/problem/1092/F,"['dfs and similar', 'dp', 'trees']",PROGRAMMING,1900,1092,F,"Description:


You are given a tree consisting exactly of  n vertices. Tree is a connected undirected graph with  n − 1 edges. Each vertex  v of this tree has a value  a v assigned to it.
 Let  d i s t ( x , y ) be the distance between the vertices  x and  y . The distance between the vertices is the number of edges on the simple path between them.
 Let's define the cost of the tree as the following value: firstly, let's fix some vertex of the tree. Let it be  v . Then the cost of the tree is  ∑ i = 1 n d i s t ( i , v ) ⋅ a i .
 Your task is to calculate the maximum possible cost of the tree if you can choose  v arbitrarily.

Input
 The first line contains one integer  n , the number of vertices in the tree (  1 ≤ n ≤ 2 ⋅ 10 5 ).
 The second line of the input contains  n integers  a 1 , a 2 , … , a n (  1 ≤ a i ≤ 2 ⋅ 10 5 ), where  a i is the value of the vertex  i .
 Each of the next  n − 1 lines describes an edge of the tree. Edge  i is denoted by two integers  u i and  v i , the labels of vertices it connects (  1 ≤ u i , v i ≤ n ,  u i ≠ v i ).
 It is guaranteed that the given edges form a tree.

Output
 Print one integer — the maximum possible cost of the tree if you can choose any vertex as  v .

Examples
Input
8
9 4 1 7 10 1 6 5
1 2
2 3
1 4
1 5
5 6
5 7
5 8
Output
121
Input
1
1337
Output
0

Note
 Picture corresponding to the first example:
 You can choose the vertex  3 as a root, then the answer will be  2 ⋅ 9 + 1 ⋅ 4 + 0 ⋅ 1 + 3 ⋅ 7 + 3 ⋅ 10 + 4 ⋅ 1 + 4 ⋅ 6 + 4 ⋅ 5 = 18 + 4 + 0 + 21 + 30 + 4 + 24 + 20 = 121 .
 In the second example tree consists only of one vertex so the answer is always  0 ."
https://codeforces.com/problemset/problem/1620/E,"['constructive algorithms', 'data structures', 'dsu', 'implementation']",PROGRAMMING,1900,1620,E,"Description:


You have an array of integers (initially empty).
 You have to perform  q queries. Each query is of one of two types:
 ""  1   x "" — add the element  x to the end of the array; ""  2   x   y "" — replace all occurrences of  x in the array with  y .
 Find the resulting array after performing all the queries.

Input
 The first line contains a single integer  q (  1 ≤ q ≤ 5 ⋅ 10 5 ) — the number of queries.
 Next  q lines contain queries (one per line). Each query is of one of two types:
 ""  1   x "" (  1 ≤ x ≤ 5 ⋅ 10 5 ); ""  2   x   y "" (  1 ≤ x , y ≤ 5 ⋅ 10 5 ).
 It's guaranteed that there is at least one query of the first type.

Output
 In a single line, print  k integers — the resulting array after performing all the queries, where  k is the number of queries of the first type.

Examples
Input
7
1 3
1 1
2 1 2
1 2
1 1
1 2
2 1 3
Output
3 2 2 3 2
Input
4
1 1
1 2
1 1
2 2 2
Output
1 2 1
Input
8
2 1 4
1 1
1 4
1 2
2 2 4
2 4 3
1 2
2 2 7
Output
1 3 3 7

Note
 In the first example, the array changes as follows:
 [ ]   →   [ 3 ]   →   [ 3 , 1 ]   →   [ 3 , 2 ]   →   [ 3 , 2 , 2 ]   →   [ 3 , 2 , 2 , 1 ]   →   [ 3 , 2 , 2 , 1 , 2 ]   →   [ 3 , 2 , 2 , 3 , 2 ] .
 In the second example, the array changes as follows:
 [ ]   →   [ 1 ]   →   [ 1 , 2 ]   →   [ 1 , 2 , 1 ]   →   [ 1 , 2 , 1 ] .
 In the third example, the array changes as follows:
 [ ]   →   [ ]   →   [ 1 ]   →   [ 1 , 4 ]   →   [ 1 , 4 , 2 ]   →   [ 1 , 4 , 4 ]   →   [ 1 , 3 , 3 ]   →   [ 1 , 3 , 3 , 2 ]   →   [ 1 , 3 , 3 , 7 ] ."
https://codeforces.com/problemset/problem/1627/D,"['brute force', 'dp', 'math', 'number theory']",PROGRAMMING,1900,1627,D,"Description:


You have an array  a 1 , a 2 , … , a n consisting of  n  distinct integers. You are allowed to perform the following operation on it:
 Choose two elements from the array  a i and  a j (  i ≠ j ) such that  gcd ( a i , a j ) is not present in the array, and add  gcd ( a i , a j ) to the end of the array. Here  gcd ( x , y ) denotes greatest common divisor (GCD) of integers  x and  y .
 Note that the array changes after each operation, and the subsequent operations are performed on the new array.
 What is the maximum number of times you can perform the operation on the array?

Input
 The first line consists of a single integer  n (  2 ≤ n ≤ 10 6 ).
 The second line consists of  n integers  a 1 , a 2 , … , a n (  1 ≤ a i ≤ 10 6 ). All  a i are distinct .

Output
 Output a single line containing one integer — the maximum number of times the operation can be performed on the given array.

Examples
Input
5
4 20 1 25 30
Output
3
Input
3
6 10 15
Output
4

Note
 In the first example, one of the ways to perform maximum number of operations on the array is:
 Pick  i = 1 , j = 5 and add  gcd ( a 1 , a 5 ) = gcd ( 4 , 30 ) = 2 to the array. Pick  i = 2 , j = 4 and add  gcd ( a 2 , a 4 ) = gcd ( 20 , 25 ) = 5 to the array. Pick  i = 2 , j = 5 and add  gcd ( a 2 , a 5 ) = gcd ( 20 , 30 ) = 10 to the array.
 It can be proved that there is no way to perform more than  3 operations on the original array.
 In the second example one can add  3 , then  1 , then  5 , and  2 ."
https://codeforces.com/problemset/problem/448/C,"['divide and conquer', 'dp', 'greedy']",PROGRAMMING,1900,448,C,"Description:


Bizon the Champion isn't just attentive, he also is very hardworking.
 Bizon the Champion decided to paint his old fence his favorite color, orange. The fence is represented as n vertical planks, put in a row. Adjacent planks have no gap between them. The planks are numbered from the left to the right starting from one, the i -th plank has the width of 1 meter and the height of a i meters.
 Bizon the Champion bought a brush in the shop, the brush's width is 1 meter. He can make vertical and horizontal strokes with the brush. During a stroke the brush's full surface must touch the fence at all the time (see the samples for the better understanding). What minimum number of strokes should Bizon the Champion do to fully paint the fence? Note that you are allowed to paint the same area of the fence multiple times.

Input
 The first line contains integer n  (1 ≤ n ≤ 5000) — the number of fence planks. The second line contains n space-separated integers a 1 , a 2 , ..., a n  (1 ≤ a i ≤ 10 9 ) .

Output
 Print a single integer — the minimum number of strokes needed to paint the whole fence.

Examples
Input
5

2 2 1 2 1
Output
3
Input
2

2 2
Output
2
Input
1

5
Output
1

Note
 In the first sample you need to paint the fence in three strokes with the brush: the first stroke goes on height 1 horizontally along all the planks. The second stroke goes on height 2 horizontally and paints the first and second planks and the third stroke (it can be horizontal and vertical) finishes painting the fourth plank.
 In the second sample you can paint the fence with two strokes, either two horizontal or two vertical strokes.
 In the third sample there is only one plank that can be painted using a single vertical stroke."
https://codeforces.com/problemset/problem/478/C,['greedy'],PROGRAMMING,1800,478,C,"Description:


You have r red, g green and b blue balloons. To decorate a single table for the banquet you need exactly three balloons. Three balloons attached to some table shouldn't have the same color. What maximum number t of tables can be decorated if we know number of balloons of each color?
 Your task is to write a program that for given values r , g and b will find the maximum number t of tables, that can be decorated in the required manner.

Input
 The single line contains three integers r , g and b ( 0 ≤ r , g , b ≤ 2·10 9 ) — the number of red, green and blue baloons respectively. The numbers are separated by exactly one space.

Output
 Print a single integer t — the maximum number of tables that can be decorated in the required manner.

Examples
Input
5 4 3
Output
4
Input
1 1 1
Output
1
Input
2 3 3
Output
2

Note
 In the first sample you can decorate the tables with the following balloon sets: "" rgg "", "" gbb "", "" brr "", "" rrg "", where "" r "", "" g "" and "" b "" represent the red, green and blue balls, respectively."
https://codeforces.com/problemset/problem/161/D,"['dfs and similar', 'dp', 'trees']",PROGRAMMING,1800,161,D,"Description:


A tree is a connected graph that doesn't contain any cycles.
 The distance between two vertices of a tree is the length (in edges) of the shortest path between these vertices.
 You are given a tree with n vertices and a positive number k . Find the number of distinct pairs of the vertices which have a distance of exactly k between them. Note that pairs ( v , u ) and ( u , v ) are considered to be the same pair.

Input
 The first line contains two integers n and k ( 1 ≤ n ≤ 50000 , 1 ≤ k ≤ 500 ) — the number of vertices and the required distance between the vertices.
 Next n - 1 lines describe the edges as "" a i  b i "" (without the quotes) ( 1 ≤ a i , b i ≤ n , a i ≠ b i ), where a i and b i are the vertices connected by the i -th edge. All given edges are different.

Output
 Print a single integer — the number of distinct pairs of the tree's vertices which have a distance of exactly k between them.
 Please do not use the %lld specifier to read or write 64-bit integers in С++. It is preferred to use the cin , cout streams or the %I64d specifier.

Examples
Input
5 2

1 2

2 3

3 4

2 5
Output
4
Input
5 3

1 2

2 3

3 4

4 5
Output
2

Note
 In the first sample the pairs of vertexes at distance 2 from each other are (1, 3), (1, 5), (3, 5) and (2, 4)."
https://codeforces.com/problemset/problem/448/D,"['binary search', 'brute force']",PROGRAMMING,1800,448,D,"Description:


Bizon the Champion isn't just charming, he also is very smart.
 While some of us were learning the multiplication table, Bizon the Champion had fun in his own manner. Bizon the Champion painted an n × m multiplication table, where the element on the intersection of the i -th row and j -th column equals i · j (the rows and columns of the table are numbered starting from 1). Then he was asked: what number in the table is the k -th largest number? Bizon the Champion always answered correctly and immediately. Can you repeat his success?
 Consider the given multiplication table. If you write out all n · m numbers from the table in the non-decreasing order, then the k -th number you write out is called the k -th largest number.

Input
 The single line contains integers n , m and k  (1 ≤ n , m ≤ 5·10 5 ; 1 ≤ k ≤ n · m ) .

Output
 Print the k -th largest number in a n × m multiplication table.

Examples
Input
2 2 2
Output
2
Input
2 3 4
Output
3
Input
1 10 5
Output
5

Note
 A 2 × 3 multiplication table looks like this:
 1 2 3  2 4 6"
https://codeforces.com/problemset/problem/1328/D,"['constructive algorithms', 'dp', 'graphs', 'greedy', 'math']",PROGRAMMING,1800,1328,D,"Description:


The round carousel consists of  n figures of animals. Figures are numbered from  1 to  n in order of the carousel moving. Thus, after the  n -th figure the figure with the number  1 follows. Each figure has its own type — the type of the animal corresponding to this figure (the horse, the tiger and so on). The type of animal of the  i -th figure equals  t i .
 The example of the carousel for  n = 9 and  t = [ 5 , 5 , 1 , 15 , 1 , 5 , 5 , 1 , 1 ] .
 You want to color each figure in one of the colors. You think that it's boring if the carousel contains two different figures (with the distinct types of animals) going one right after another and colored in the same color.
 Your task is to color the figures in such a way that the number of distinct colors used is the minimum possible and there are no figures of the different types going one right after another and colored in the same color. If you use exactly  k distinct colors, then the colors of figures should be denoted with integers from  1 to  k .

Input
 The input contains one or more test cases.
 The first line contains one integer  q (  1 ≤ q ≤ 10 4 ) — the number of test cases in the test. Then  q test cases follow. One test case is given on two lines.
 The first line of the test case contains one integer  n (  3 ≤ n ≤ 2 ⋅ 10 5 ) — the number of figures in the carousel. Figures are numbered from  1 to  n in order of carousel moving. Assume that after the  n -th figure the figure  1 goes.
 The second line of the test case contains  n integers  t 1 , t 2 , … , t n (  1 ≤ t i ≤ 2 ⋅ 10 5 ), where  t i is the type of the animal of the  i -th figure.
 The sum of  n over all test cases does not exceed  2 ⋅ 10 5 .

Output
 Print  q answers, for each test case print two lines.
 In the first line print one integer  k — the minimum possible number of distinct colors of figures.
 In the second line print  n integers  c 1 , c 2 , … , c n (  1 ≤ c i ≤ k ), where  c i is the color of the  i -th figure. If there are several answers, you can print any.

Example
Input
4
5
1 2 1 2 2
6
1 2 2 1 2 2
5
1 2 1 2 3
3
10 10 10
Output
2
1 2 1 2 2
2
2 1 2 1 2 1
3
2 3 2 3 1
1
1 1 1"
https://codeforces.com/problemset/problem/1509/C,"['dp', 'greedy']",PROGRAMMING,1800,1509,C,"Description:


The student council is preparing for the relay race at the sports festival.
 The council consists of  n members. They will run one after the other in the race, the speed of member  i is  s i . The discrepancy   d i of the  i -th stage is the difference between the maximum and the minimum running speed among the first  i members who ran. Formally, if  a i denotes the speed of the  i -th member who participated in the race, then  d i = max ( a 1 , a 2 , … , a i ) − min ( a 1 , a 2 , … , a i ) .
 You want to minimize the sum of the discrepancies  d 1 + d 2 + ⋯ + d n . To do this, you are allowed to change the order in which the members run. What is the minimum possible sum that can be achieved?

Input
 The first line contains a single integer  n (  1 ≤ n ≤ 2000 )  — the number of members of the student council.
 The second line contains  n integers  s 1 , s 2 , … , s n (  1 ≤ s i ≤ 10 9 )  – the running speeds of the members.

Output
 Print a single integer  — the minimum possible value of  d 1 + d 2 + ⋯ + d n after choosing the order of the members.

Examples
Input
3
3 1 2
Output
3
Input
1
5
Output
0
Input
6
1 6 3 3 6 3
Output
11
Input
6
104 943872923 6589 889921234 1000000000 69
Output
2833800505

Note
 In the first test case, we may choose to make the third member run first, followed by the first member, and finally the second. Thus  a 1 = 2 ,  a 2 = 3 , and  a 3 = 1 . We have:
 d 1 = max ( 2 ) − min ( 2 ) = 2 − 2 = 0 . d 2 = max ( 2 , 3 ) − min ( 2 , 3 ) = 3 − 2 = 1 . d 3 = max ( 2 , 3 , 1 ) − min ( 2 , 3 , 1 ) = 3 − 1 = 2 .
 The resulting sum is  d 1 + d 2 + d 3 = 0 + 1 + 2 = 3 . It can be shown that it is impossible to achieve a smaller value.
 In the second test case, the only possible rearrangement gives  d 1 = 0 , so the minimum possible result is  0 ."
https://codeforces.com/problemset/problem/271/D,"['data structures', 'strings']",PROGRAMMING,1800,271,D,"Description:


You've got string s , consisting of small English letters. Some of the English letters are good , the rest are bad .
 A substring s [ l ... r ] ( 1 ≤ l ≤ r ≤ | s | ) of string s = s 1 s 2 ... s | s | (where | s | is the length of string s ) is string s l s l + 1 ... s r .
 The substring s [ l ... r ] is good , if among the letters s l , s l + 1 , ..., s r there are at most  k  bad ones (look at the sample's explanation to understand it more clear).
 Your task is to find the number of distinct good substrings of the given string s . Two substrings s [ x ... y ] and s [ p ... q ] are considered distinct if their content is different, i.e. s [ x ... y ] ≠ s [ p ... q ] .

Input
 The first line of the input is the non-empty string s , consisting of small English letters, the string's length is at most 1500 characters.
 The second line of the input is the string of characters "" 0 "" and "" 1 "", the length is exactly 26 characters. If the i -th character of this string equals "" 1 "", then the i -th English letter is good, otherwise it's bad. That is, the first character of this string corresponds to letter "" a "", the second one corresponds to letter "" b "" and so on.
 The third line of the input consists a single integer k ( 0 ≤ k ≤ | s | ) — the maximum acceptable number of bad characters in a good substring.

Output
 Print a single integer — the number of distinct good substrings of string s .

Examples
Input
ababab

01000000000000000000000000

1
Output
5
Input
acbacbacaa

00000000000000000000000000

2
Output
8

Note
 In the first example there are following good substrings: "" a "", "" ab "", "" b "", "" ba "", "" bab "".
 In the second example there are following good substrings: "" a "", "" aa "", "" ac "", "" b "", "" ba "", "" c "", "" ca "", "" cb ""."
https://codeforces.com/problemset/problem/1398/D,"['dp', 'greedy', 'sortings']",PROGRAMMING,1800,1398,D,"Description:


You are given three multisets of pairs of colored sticks:
 R pairs of red sticks, the first pair has length  r 1 , the second pair has length  r 2 ,  … , the  R -th pair has length  r R ; G pairs of green sticks, the first pair has length  g 1 , the second pair has length  g 2 ,  … , the  G -th pair has length  g G ; B pairs of blue sticks, the first pair has length  b 1 , the second pair has length  b 2 ,  … , the  B -th pair has length  b B ;
 You are constructing rectangles from these pairs of sticks with the following process:
 take a pair of sticks of one color; take a pair of sticks of another color different from the first one; add the area of the resulting rectangle to the total area.
 Thus, you get such rectangles that their opposite sides are the same color and their adjacent sides are not the same color.
 Each pair of sticks can be used at most once, some pairs can be left unused. You are not allowed to split a pair into independent sticks.
 What is the maximum area you can achieve?

Input
 The first line contains three integers  R ,  G ,  B (  1 ≤ R , G , B ≤ 200 ) — the number of pairs of red sticks, the number of pairs of green sticks and the number of pairs of blue sticks.
 The second line contains  R integers  r 1 , r 2 , … , r R (  1 ≤ r i ≤ 2000 ) — the lengths of sticks in each pair of red sticks.
 The third line contains  G integers  g 1 , g 2 , … , g G (  1 ≤ g i ≤ 2000 ) — the lengths of sticks in each pair of green sticks.
 The fourth line contains  B integers  b 1 , b 2 , … , b B (  1 ≤ b i ≤ 2000 ) — the lengths of sticks in each pair of blue sticks.

Output
 Print the maximum possible total area of the constructed rectangles.

Examples
Input
1 1 1
3
5
4
Output
20
Input
2 1 3
9 5
1
2 8 5
Output
99
Input
10 1 1
11 7 20 15 19 14 2 4 13 14
8
11
Output
372

Note
 In the first example you can construct one of these rectangles: red and green with sides  3 and  5 , red and blue with sides  3 and  4 and green and blue with sides  5 and  4 . The best area of them is  4 × 5 = 20 .
 In the second example the best rectangles are: red/blue  9 × 8 , red/blue  5 × 5 , green/blue  2 × 1 . So the total area is  72 + 25 + 2 = 99 .
 In the third example the best rectangles are: red/green  19 × 8 and red/blue  20 × 11 . The total area is  152 + 220 = 372 . Note that you can't construct more rectangles because you are not allowed to have both pairs taken to be the same color."
https://codeforces.com/problemset/problem/1396/B,"['brute force', 'constructive algorithms', 'games', 'greedy']",PROGRAMMING,1800,1396,B,"Description:


T is playing a game with his friend, HL.
 There are  n piles of stones, the  i -th pile initially has  a i stones.
 T and HL will take alternating turns, with T going first. In each turn, a player chooses a non-empty pile and then removes a single stone from it. However, one cannot choose a pile that has been chosen in the previous turn (the pile that was chosen by the other player, or if the current turn is the first turn then the player can choose any non-empty pile). The player who cannot choose a pile in his turn loses, and the game ends.
 Assuming both players play optimally, given the starting configuration of  t games, determine the winner of each game.

Input
 The first line of the input contains a single integer  t   ( 1 ≤ t ≤ 100 ) — the number of games. The description of the games follows. Each description contains two lines:
 The first line contains a single integer  n   ( 1 ≤ n ≤ 100 ) — the number of piles.
 The second line contains  n integers  a 1 , a 2 , … , a n   ( 1 ≤ a i ≤ 100 ) .

Output
 For each game, print on a single line the name of the winner, "" T "" or "" HL "" (without quotes)

Example
Input
2
1
2
2
1 1
Output
T
HL

Note
 In the first game, T removes a single stone from the only pile in his first turn. After that, although the pile still contains  1 stone, HL cannot choose from this pile because it has been chosen by T in the previous turn. Therefore, T is the winner."
https://codeforces.com/problemset/problem/1355/C,"['binary search', 'implementation', 'math', 'two pointers']",PROGRAMMING,1800,1355,C,"Description:


Like any unknown mathematician, Yuri has favourite numbers:  A ,  B ,  C , and  D , where  A ≤ B ≤ C ≤ D . Yuri also likes triangles and once he thought: how many non-degenerate triangles with integer sides  x ,  y , and  z exist, such that  A ≤ x ≤ B ≤ y ≤ C ≤ z ≤ D holds?
 Yuri is preparing problems for a new contest now, so he is very busy. That's why he asked you to calculate the number of triangles with described property.
 The triangle is called non-degenerate if and only if its vertices are not collinear.

Input
 The first line contains four integers:  A ,  B ,  C and  D (  1 ≤ A ≤ B ≤ C ≤ D ≤ 5 ⋅ 10 5 ) — Yuri's favourite numbers.

Output
 Print the number of non-degenerate triangles with integer sides  x ,  y , and  z such that the inequality  A ≤ x ≤ B ≤ y ≤ C ≤ z ≤ D holds.

Examples
Input
1 2 3 4
Output
4
Input
1 2 2 5
Output
3
Input
500000 500000 500000 500000
Output
1

Note
 In the first example Yuri can make up triangles with sides  ( 1 , 3 , 3 ) ,  ( 2 , 2 , 3 ) ,  ( 2 , 3 , 3 ) and  ( 2 , 3 , 4 ) .
 In the second example Yuri can make up triangles with sides  ( 1 , 2 , 2 ) ,  ( 2 , 2 , 2 ) and  ( 2 , 2 , 3 ) .
 In the third example Yuri can make up only one equilateral triangle with sides equal to  5 ⋅ 10 5 ."
https://codeforces.com/problemset/problem/1437/C,"['dp', 'flows', 'graph matchings', 'greedy', 'math', 'sortings']",PROGRAMMING,1800,1437,C,"Description:


Chef Monocarp has just put  n dishes into an oven. He knows that the  i -th dish has its optimal cooking time equal to  t i minutes.
 At any positive integer minute  T Monocarp can put no more than one dish out of the oven. If the  i -th dish is put out at some minute  T , then its unpleasant value is  | T − t i | — the absolute difference between  T and  t i . Once the dish is out of the oven, it can't go back in.
 Monocarp should put all the dishes out of the oven. What is the minimum total unpleasant value Monocarp can obtain?

Input
 The first line contains a single integer  q (  1 ≤ q ≤ 200 ) — the number of testcases.
 Then  q testcases follow.
 The first line of the testcase contains a single integer  n (  1 ≤ n ≤ 200 ) — the number of dishes in the oven.
 The second line of the testcase contains  n integers  t 1 , t 2 , … , t n (  1 ≤ t i ≤ n ) — the optimal cooking time for each dish.
 The sum of  n over all  q testcases doesn't exceed  200 .

Output
 Print a single integer for each testcase — the minimum total unpleasant value Monocarp can obtain when he puts out all the dishes out of the oven. Remember that Monocarp can only put the dishes out at positive integer minutes and no more than one dish at any minute.

Example
Input
6
6
4 2 4 4 5 2
7
7 7 7 7 7 7 7
1
1
5
5 1 2 4 3
4
1 4 4 4
21
21 8 1 4 1 5 21 1 8 21 11 21 11 3 12 8 19 15 9 11 13
Output
4
12
0
0
2
21

Note
 In the first example Monocarp can put out the dishes at minutes  3 , 1 , 5 , 4 , 6 , 2 . That way the total unpleasant value will be  | 4 − 3 | + | 2 − 1 | + | 4 − 5 | + | 4 − 4 | + | 6 − 5 | + | 2 − 2 | = 4 .
 In the second example Monocarp can put out the dishes at minutes  4 , 5 , 6 , 7 , 8 , 9 , 10 .
 In the third example Monocarp can put out the dish at minute  1 .
 In the fourth example Monocarp can put out the dishes at minutes  5 , 1 , 2 , 4 , 3 .
 In the fifth example Monocarp can put out the dishes at minutes  1 , 3 , 4 , 5 ."
https://codeforces.com/problemset/problem/220/B,"['constructive algorithms', 'data structures']",PROGRAMMING,1800,220,B,"Description:


The Little Elephant loves playing with arrays. He has array a , consisting of n positive integers, indexed from 1 to n . Let's denote the number with index i as a i .
 Additionally the Little Elephant has m queries to the array, each query is characterised by a pair of integers l j and r j  (1 ≤ l j ≤ r j ≤ n ) . For each query l j , r j the Little Elephant has to count, how many numbers x exist, such that number x occurs exactly x times among numbers a l j , a l j + 1 , ..., a r j .
 Help the Little Elephant to count the answers to all queries.

Input
 The first line contains two space-separated integers n and m  (1 ≤ n , m ≤ 10 5 ) — the size of array a and the number of queries to it. The next line contains n space-separated positive integers a 1 , a 2 , ... , a n  (1 ≤ a i ≤ 10 9 ) . Next m lines contain descriptions of queries, one per line. The j -th of these lines contains the description of the j -th query as two space-separated integers l j and r j  (1 ≤ l j ≤ r j ≤ n ) .

Output
 In m lines print m integers — the answers to the queries. The j -th line should contain the answer to the j -th query.

Examples
Input
7 2

3 1 2 2 3 3 7

1 7

3 4
Output
3

1"
https://codeforces.com/problemset/problem/1324/F,"['dfs and similar', 'dp', 'graphs', 'trees']",PROGRAMMING,1800,1324,F,"Description:


You are given a tree consisting of  n vertices. A tree is a connected undirected graph with  n − 1 edges. Each vertex  v of this tree has a color assigned to it (  a v = 1 if the vertex  v is white and  0 if the vertex  v is black).
 You have to solve the following problem for each vertex  v : what is the maximum difference between the number of white and the number of black vertices you can obtain if you choose some subtree of the given tree that contains the vertex  v ? The subtree of the tree is the connected subgraph of the given tree. More formally, if you choose the subtree that contains  c n t w white vertices and  c n t b black vertices, you have to maximize  c n t w − c n t b .

Input
 The first line of the input contains one integer  n (  2 ≤ n ≤ 2 ⋅ 10 5 ) — the number of vertices in the tree.
 The second line of the input contains  n integers  a 1 , a 2 , … , a n (  0 ≤ a i ≤ 1 ), where  a i is the color of the  i -th vertex.
 Each of the next  n − 1 lines describes an edge of the tree. Edge  i is denoted by two integers  u i and  v i , the labels of vertices it connects  ( 1 ≤ u i , v i ≤ n , u i ≠ v i ).
 It is guaranteed that the given edges form a tree.

Output
 Print  n integers  r e s 1 , r e s 2 , … , r e s n , where  r e s i is the maximum possible difference between the number of white and black vertices in some subtree that contains the vertex  i .

Examples
Input
9
0 1 1 1 0 0 0 0 1
1 2
1 3
3 4
3 5
2 6
4 7
6 8
5 9
Output
2 2 2 2 2 1 1 0 2
Input
4
0 0 1 0
1 2
1 3
1 4
Output
0 -1 1 -1

Note
 The first example is shown below:
 
 The black vertices have bold borders.
 In the second example, the best subtree for vertices  2 , 3 and  4 are vertices  2 , 3 and  4 correspondingly. And the best subtree for the vertex  1 is the subtree consisting of vertices  1 and  3 ."
https://codeforces.com/problemset/problem/459/D,"['data structures', 'divide and conquer', 'sortings']",PROGRAMMING,1800,459,D,"Description:


Parmida is a clever girl and she wants to participate in Olympiads this year. Of course she wants her partner to be clever too (although he's not)! Parmida has prepared the following test problem for Pashmak.
 There is a sequence a that consists of n integers a 1 , a 2 , ..., a n . Let's denote f ( l , r , x ) the number of indices k such that: l ≤ k ≤ r and a k = x . His task is to calculate the number of pairs of indicies i , j  (1 ≤ i < j ≤ n ) such that f (1, i , a i ) > f ( j , n , a j ) .
 Help Pashmak with the test.

Input
 The first line of the input contains an integer n  (1 ≤ n ≤ 10 6 ) . The second line contains n space-separated integers a 1 , a 2 , ..., a n  (1 ≤ a i ≤ 10 9 ) .

Output
 Print a single integer — the answer to the problem.

Examples
Input
7

1 2 1 1 2 2 1
Output
8
Input
3

1 1 1
Output
1
Input
5

1 2 3 4 5
Output
0"
https://codeforces.com/problemset/problem/706/D,"['binary search', 'bitmasks', 'data structures', 'trees']",PROGRAMMING,1800,706,D,"Description:


Author has gone out of the stories about Vasiliy, so here is just a formal task description.
 You are given q queries and a multiset A , initially containing only integer 0 . There are three types of queries:
 "" + x "" — add integer x to multiset A . "" - x "" — erase one occurrence of integer x from multiset A . It's guaranteed that at least one x is present in the multiset A before this query. "" ? x "" — you are given integer x and need to compute the value  , i.e. the maximum value of bitwise exclusive OR (also know as XOR) of integer x and some integer y from the multiset A .
 Multiset is a set, where equal elements are allowed.

Input
 The first line of the input contains a single integer q ( 1 ≤ q ≤ 200 000 ) — the number of queries Vasiliy has to perform.
 Each of the following q lines of the input contains one of three characters ' + ', ' - ' or ' ? ' and an integer x i ( 1 ≤ x i ≤ 10 9 ). It's guaranteed that there is at least one query of the third type.
 Note, that the integer 0 will always be present in the set A .

Output
 For each query of the type ' ? ' print one integer — the maximum value of bitwise exclusive OR (XOR) of integer x i and some integer from the multiset A .

Example
Input
10

+ 8

+ 9

+ 11

+ 6

+ 1

? 3

- 8

? 3

? 8

? 11
Output
11

10

14

13

Note
 After first five operations multiset A contains integers 0 , 8 , 9 , 11 , 6 and 1 .
 The answer for the sixth query is integer  — maximum among integers  ,  ,  ,  and  ."
https://codeforces.com/problemset/problem/1326/D2,"['binary search', 'greedy', 'hashing', 'string suffix structures', 'strings']",PROGRAMMING,1800,1326,D2,"Description:


This is the hard version of the problem. The difference is the constraint on the sum of lengths of strings and the number of test cases. You can make hacks only if you solve all versions of this task.
 You are given a string  s , consisting of lowercase English letters. Find the longest string,  t , which satisfies the following conditions:
 The length of  t does not exceed the length of  s . t is a palindrome. There exists two strings  a and  b (possibly empty), such that  t = a + b ( "" + "" represents concatenation), and  a is prefix of  s while  b is suffix of  s .

Input
 The input consists of multiple test cases. The first line contains a single integer  t (  1 ≤ t ≤ 10 5 ), the number of test cases. The next  t lines each describe a test case.
 Each test case is a non-empty string  s , consisting of lowercase English letters.
 It is guaranteed that the sum of lengths of strings over all test cases does not exceed  10 6 .

Output
 For each test case, print the longest string which satisfies the conditions described above. If there exists multiple possible solutions, print any of them.

Example
Input
5
a
abcdfdcecba
abbaxyzyx
codeforces
acbba
Output
a
abcdfdcba
xyzyx
c
abba

Note
 In the first test, the string  s = "" a "" satisfies all conditions.
 In the second test, the string "" abcdfdcba "" satisfies all conditions, because:
 Its length is  9 , which does not exceed the length of the string  s , which equals  11 . It is a palindrome. "" abcdfdcba ""  = "" abcdfdc ""  + "" ba "", and "" abcdfdc "" is a prefix of  s while "" ba "" is a suffix of  s .
 It can be proven that there does not exist a longer string which satisfies the conditions.
 In the fourth test, the string "" c "" is correct, because "" c ""  = "" c ""  + ""  "" and  a or  b can be empty. The other possible solution for this test is "" s ""."
https://codeforces.com/problemset/problem/1475/D,"['binary search', 'dp', 'sortings', 'two pointers']",PROGRAMMING,1800,1475,D,"Description:


Polycarp often uses his smartphone. He has already installed  n applications on it. Application with number  i takes up  a i units of memory.
 Polycarp wants to free at least  m units of memory (by removing some applications).
 Of course, some applications are more important to Polycarp than others. He came up with the following scoring system — he assigned an integer  b i to each application:
 b i = 1 — regular application; b i = 2 — important application.
 According to this rating system, his phone has  b 1 + b 2 + … + b n convenience points.
 Polycarp believes that if he removes applications with numbers  i 1 , i 2 , … , i k , then he will free  a i 1 + a i 2 + … + a i k units of memory and lose  b i 1 + b i 2 + … + b i k convenience points.
 For example, if  n = 5 ,  m = 7 ,  a = [ 5 , 3 , 2 , 1 , 4 ] ,  b = [ 2 , 1 , 1 , 2 , 1 ] , then Polycarp can uninstall the following application sets (not all options are listed below):
 applications with numbers  1 , 4 and  5 . In this case, it will free  a 1 + a 4 + a 5 = 10 units of memory and lose  b 1 + b 4 + b 5 = 5 convenience points; applications with numbers  1 and  3 . In this case, it will free  a 1 + a 3 = 7 units of memory and lose  b 1 + b 3 = 3 convenience points. applications with numbers  2 and  5 . In this case, it will free  a 2 + a 5 = 7 memory units and lose  b 2 + b 5 = 2 convenience points.
 Help Polycarp, choose a set of applications, such that if removing them will free at least  m units of memory and lose the minimum number of convenience points, or indicate that such a set does not exist.

Input
 The first line contains one integer  t (  1 ≤ t ≤ 10 4 ) — the number of test cases. Then  t test cases follow.
 The first line of each test case contains two integers  n and  m (  1 ≤ n ≤ 2 ⋅ 10 5 ,  1 ≤ m ≤ 10 9 ) — the number of applications on Polycarp's phone and the number of memory units to be freed.
 The second line of each test case contains  n integers  a 1 , a 2 , … , a n (  1 ≤ a i ≤ 10 9 ) — the number of memory units used by applications.
 The third line of each test case contains  n integers  b 1 , b 2 , … , b n (  1 ≤ b i ≤ 2 ) — the convenience points of each application.
 It is guaranteed that the sum of  n over all test cases does not exceed  2 ⋅ 10 5 .

Output
 For each test case, output on a separate line:
 -1 , if there is no set of applications, removing which will free at least  m units of memory; the minimum number of convenience points that Polycarp will lose if such a set exists.

Example
Input
5
5 7
5 3 2 1 4
2 1 1 2 1
1 3
2
1
5 10
2 3 2 3 2
1 2 1 2 1
4 10
5 1 3 4
1 2 1 2
4 5
3 2 1 2
2 1 2 1
Output
2
-1
6
4
3

Note
 In the first test case, it is optimal to remove applications with numbers  2 and  5 , freeing  7 units of memory.  b 2 + b 5 = 2 .
 In the second test case, by removing the only application, Polycarp will be able to clear only  2 of memory units out of the  3 needed.
 In the third test case, it is optimal to remove applications with numbers  1 ,  2 ,  3 and  4 , freeing  10 units of memory.  b 1 + b 2 + b 3 + b 4 = 6 .
 In the fourth test case, it is optimal to remove applications with numbers  1 ,  3 and  4 , freeing  12 units of memory.  b 1 + b 3 + b 4 = 4 .
 In the fifth test case, it is optimal to remove applications with numbers  1 and  2 , freeing  5 units of memory.  b 1 + b 2 = 3 ."
https://codeforces.com/problemset/problem/1548/B,"['binary search', 'data structures', 'divide and conquer', 'math', 'number theory', 'two pointers']",PROGRAMMING,1800,1548,B,"Description:


British mathematician John Littlewood once said about Indian mathematician Srinivasa Ramanujan that ""every positive integer was one of his personal friends.""
 It turns out that positive integers can also be friends with each other! You are given an array  a of distinct positive integers.
 Define a subarray   a i , a i + 1 , … , a j to be a friend group if and only if there exists an integer  m ≥ 2 such that  a i mod m = a i + 1 mod m = … = a j mod m , where  x mod y denotes the remainder when  x is divided by  y .
 Your friend Gregor wants to know the size of the largest friend group in  a .

Input
 Each test contains multiple test cases. The first line contains the number of test cases  t (  1 ≤ t ≤ 2 ⋅ 10 4 ).
 Each test case begins with a line containing the integer  n (  1 ≤ n ≤ 2 ⋅ 10 5 ), the size of the array  a .
 The next line contains  n positive integers  a 1 , a 2 , … , a n (  1 ≤ a i ≤ 10 18 ), representing the contents of the array  a . It is guaranteed that all the numbers in  a are distinct .
 It is guaranteed that the sum of  n over all test cases is less than  2 ⋅ 10 5 .

Output
 Your output should consist of  t lines. Each line should consist of a single integer, the size of the largest friend group in  a .

Example
Input
4
5
1 5 2 4 6
4
8 2 5 10
2
1000 2000
8
465 55 3 54 234 12 45 78
Output
3
3
2
6

Note
 In the first test case, the array is  [ 1 , 5 , 2 , 4 , 6 ] . The largest friend group is  [ 2 , 4 , 6 ] , since all those numbers are congruent to  0 modulo  2 , so  m = 2 .
 In the second test case, the array is  [ 8 , 2 , 5 , 10 ] . The largest friend group is  [ 8 , 2 , 5 ] , since all those numbers are congruent to  2 modulo  3 , so  m = 3 .
 In the third case, the largest friend group is  [ 1000 , 2000 ] . There are clearly many possible values of  m that work."
https://codeforces.com/problemset/problem/580/D,"['bitmasks', 'dp']",PROGRAMMING,1800,580,D,"Description:


When Kefa came to the restaurant and sat at a table, the waiter immediately brought him the menu. There were n dishes. Kefa knows that he needs exactly m dishes. But at that, he doesn't want to order the same dish twice to taste as many dishes as possible.
 Kefa knows that the i -th dish gives him a i units of satisfaction. But some dishes do not go well together and some dishes go very well together. Kefa set to himself k rules of eating food of the following type — if he eats dish x exactly before dish y (there should be no other dishes between x and y ), then his satisfaction level raises by c .
 Of course, our parrot wants to get some maximal possible satisfaction from going to the restaurant. Help him in this hard task!

Input
 The first line of the input contains three space-separated numbers, n , m and k ( 1 ≤ m ≤ n ≤ 18 , 0 ≤ k ≤ n * ( n - 1) ) — the number of dishes on the menu, the number of portions Kefa needs to eat to get full and the number of eating rules.
 The second line contains n space-separated numbers a i , ( 0 ≤ a i ≤ 10 9 ) — the satisfaction he gets from the i -th dish.
 Next k lines contain the rules. The i -th rule is described by the three numbers x i , y i and c i ( 1 ≤ x i , y i ≤ n , 0 ≤ c i ≤ 10 9 ). That means that if you eat dish x i right before dish y i , then the Kefa's satisfaction increases by c i . It is guaranteed that there are no such pairs of indexes i and j ( 1 ≤ i < j ≤ k ), that x i = x j and y i = y j .

Output
 In the single line of the output print the maximum satisfaction that Kefa can get from going to the restaurant.

Examples
Input
2 2 1

1 1

2 1 1
Output
3
Input
4 3 2

1 2 3 4

2 1 5

3 4 2
Output
12

Note
 In the first sample it is best to first eat the second dish, then the first one. Then we get one unit of satisfaction for each dish and plus one more for the rule.
 In the second test the fitting sequences of choice are 4 2 1 or 2 1 4. In both cases we get satisfaction 7 for dishes and also, if we fulfill rule 1, we get an additional satisfaction 5."
https://codeforces.com/problemset/problem/1525/D,"['dp', 'flows', 'graph matchings', 'greedy']",PROGRAMMING,1800,1525,D,"Description:


There are  n armchairs, numbered from  1 to  n from left to right. Some armchairs are occupied by people (at most one person per armchair), others are not. The number of occupied armchairs is not greater than  n 2 .
 For some reason, you would like to tell people to move from their armchairs to some other ones. If the  i -th armchair is occupied by someone and the  j -th armchair is not, you can tell the person sitting in the  i -th armchair to move to the  j -th armchair. The time it takes a person to move from the  i -th armchair to the  j -th one is  | i − j | minutes. You may perform this operation any number of times, but these operations must be done sequentially, i. e. you cannot tell a person to move until the person you asked to move in the last operation has finished moving to their destination armchair.
 You want to achieve the following situation: every seat that was initially occupied must be free. What is the minimum time you need to do it?

Input
 The first line contains one integer  n (  2 ≤ n ≤ 5000 ) — the number of armchairs.
 The second line contains  n integers  a 1 , a 2 , … , a n (  0 ≤ a i ≤ 1 ).  a i = 1 means that the  i -th armchair is initially occupied,  a i = 0 means that it is initially free. The number of occupied armchairs is at most  n 2 .

Output
 Print one integer — the minimum number of minutes you have to spend to achieve the following situation: every seat that was initially occupied must be free.

Examples
Input
7
1 0 0 1 0 0 1
Output
3
Input
6
1 1 1 0 0 0
Output
9
Input
5
0 0 0 0 0
Output
0

Note
 In the first test, you can perform the following sequence:
 ask a person to move from armchair  1 to armchair  2 , it takes  1 minute; ask a person to move from armchair  7 to armchair  6 , it takes  1 minute; ask a person to move from armchair  4 to armchair  5 , it takes  1 minute.
 In the second test, you can perform the following sequence:
 ask a person to move from armchair  1 to armchair  4 , it takes  3 minutes; ask a person to move from armchair  2 to armchair  6 , it takes  4 minutes; ask a person to move from armchair  4 to armchair  5 , it takes  1 minute; ask a person to move from armchair  3 to armchair  4 , it takes  1 minute.
 In the third test, no seat is occupied so your goal is achieved instantly."
https://codeforces.com/problemset/problem/300/C,"['brute force', 'combinatorics']",PROGRAMMING,1800,300,C,"Description:


Vitaly is a very weird man. He's got two favorite digits a and b . Vitaly calls a positive integer good , if the decimal representation of this integer only contains digits a and b . Vitaly calls a good number excellent , if the sum of its digits is a good number.
 For example, let's say that Vitaly's favourite digits are 1 and 3 , then number 12 isn't good and numbers 13 or 311 are. Also, number 111 is excellent and number 11 isn't.
 Now Vitaly is wondering, how many excellent numbers of length exactly n are there. As this number can be rather large, he asks you to count the remainder after dividing it by 1000000007  (10 9 + 7) .
 A number's length is the number of digits in its decimal representation without leading zeroes.

Input
 The first line contains three integers: a , b , n  (1 ≤ a < b ≤ 9, 1 ≤ n ≤ 10 6 ) .

Output
 Print a single integer — the answer to the problem modulo 1000000007  (10 9 + 7) .

Examples
Input
1 3 3
Output
1
Input
2 3 10
Output
165"
